point_id,logical_report_name,sha256,byte_count,sanitizer_status
G0_IDLE,area,81a5af6a87c041c3a1a2dd5f1ea41102d477e762f0b9642712d42750eb461e88,5413,HASH_ONLY_PASS
G0_IDLE,check_design,b9a36f530b519fe31a9626dafc28d5419dc3fdbf919815c6d7e238126fb1d48a,174061,HASH_ONLY_PASS
G0_IDLE,check_timing,94bf7675a38cf2f7e109edbc8dc51e1112bf6d2b3427362c2e14197d434eaf38,304,HASH_ONLY_PASS
G0_IDLE,clock_gating,b1805583b0b065abdc2c54b65987284745aeb9c138f07e1b167c7a4b01fb662a,912,HASH_ONLY_PASS
G0_IDLE,constraint,72295cd2e3f49d7f10cbdf0e7c9d4a2b0f00370dd6e100e504340203950fc703,281,HASH_ONLY_PASS
G0_IDLE,coverage_clocks,e295e186d022537f3d6d1e72128985e45d7e52ee9e745da69c4c9584e72ec101,823,HASH_ONLY_PASS
G0_IDLE,coverage_inputs,e6479d37aaa03107f6a1fb28042d189fa2f4157adeada22ce7f3e5e12d32afa4,825,HASH_ONLY_PASS
G0_IDLE,coverage_leaf_pins,a4afdf6e19964534f398101ad542ccc30f076525b838cd37e905ce0d6065f3c9,833,HASH_ONLY_PASS
G0_IDLE,coverage_sequential,cb46213ae753cc6ad343bba24e721d4f079be5481c3c66c562a5b11d77dc9bdb,827,HASH_ONLY_PASS
G0_IDLE,power,82264814fc2576467158886c3df1677a7d7abd909949db352c0f2a40b7c9f167,2302,HASH_ONLY_PASS
G0_IDLE,power_groups,a5dc2ef34d099ffe93ac7695d1ffe4dd32ef2babbe99bdb612077a42fddb021e,1948,HASH_ONLY_PASS
G0_IDLE,power_hierarchy,7a43089a13bb73989c33764612448c89f6471581b3b2c52b814b3c4631363f26,4338,HASH_ONLY_PASS
G0_IDLE,qor,2d9677fefc33e5762adfcca7495af4539858e1c91c8c5a630b89aa5bf5ca8371,2460,HASH_ONLY_PASS
G0_IDLE,timing_hold,4ec93312556cf5a66910b472f4eb17d001a22f1cdcb16b44eba9ac96d6e6bca8,95646,HASH_ONLY_PASS
G0_IDLE,timing_setup,2f41dc5048deef8d73df028e6c1ed199be3dec7c6e327617e8a8ea8800a61e87,244237,HASH_ONLY_PASS
G0_BURST_IDLE,area,8815c928521e02d2fe8d8de86faa54dc3966effb3280eac930f4acdbbf818b62,5413,HASH_ONLY_PASS
G0_BURST_IDLE,check_design,d2b125229d47b0c363e594b77c29643c496de6a5e505d89d94c99ce8f220348e,174061,HASH_ONLY_PASS
G0_BURST_IDLE,check_timing,94bf7675a38cf2f7e109edbc8dc51e1112bf6d2b3427362c2e14197d434eaf38,304,HASH_ONLY_PASS
G0_BURST_IDLE,clock_gating,16ec6165fdf5d8298e7486420285473140ec04c0e11f8fbac03bda797031c8c9,912,HASH_ONLY_PASS
G0_BURST_IDLE,constraint,43bd48f3b09ee8c6e354cc7ae99903a116fa08d590743ca6809aff9239a7f76f,281,HASH_ONLY_PASS
G0_BURST_IDLE,coverage_clocks,179043b6745f418d7de013983aa376e9380c5dceb93390ad75fa95d5e3ac1e3f,823,HASH_ONLY_PASS
G0_BURST_IDLE,coverage_inputs,748b631d9a83260a517b4d311b1595d24ef311a0157ca89e1582e5d9e9d0b8ff,825,HASH_ONLY_PASS
G0_BURST_IDLE,coverage_leaf_pins,31da7735c4f198e5237a89cc362a215776e1fad3c71abdc576e65fb0dcffe0a9,833,HASH_ONLY_PASS
G0_BURST_IDLE,coverage_sequential,0e11255a494ff203fa4a59b3775bb0c4736f3e0e9eb4352b9dd7d09969b91d99,827,HASH_ONLY_PASS
G0_BURST_IDLE,power,e938fa123078057e4f7f9af6cdefb96faf5e7d283edfdef3fda4931b01303e22,2302,HASH_ONLY_PASS
G0_BURST_IDLE,power_groups,1f40de99222e1d0eb0b3c56db04c9741ca3502edad203171ca268bd08a6cacae,1947,HASH_ONLY_PASS
G0_BURST_IDLE,power_hierarchy,83b046e554ff5ba3eb9254933e65dcb7dd67f8185c909a55703170a75c842e88,4338,HASH_ONLY_PASS
G0_BURST_IDLE,qor,9dd681ef4bb2bc482058535b0b1aaef60cf4bcaa4f4f0c5757da99c89a53a746,2460,HASH_ONLY_PASS
G0_BURST_IDLE,timing_hold,f5a525c0ece98fd58bf502178ad00666c22e8e7393439cf5d2f40a37e7c24d76,95646,HASH_ONLY_PASS
G0_BURST_IDLE,timing_setup,f1d03a59a80381cf1493be3df1773ca5dd0afa2031e6139c2eafcfeb495b0a39,244237,HASH_ONLY_PASS
G0_ACTIVE_LEGAL,area,9ad271c400442b9a4fcdf2fa4fce5cb6b5e80c3ca702fab07104aee06a32d030,5413,HASH_ONLY_PASS
G0_ACTIVE_LEGAL,check_design,632a8e74bcb8042080cbb5a6e92b46342f9f6861f966881474d7d33c7d4943ee,174061,HASH_ONLY_PASS
G0_ACTIVE_LEGAL,check_timing,94bf7675a38cf2f7e109edbc8dc51e1112bf6d2b3427362c2e14197d434eaf38,304,HASH_ONLY_PASS
G0_ACTIVE_LEGAL,clock_gating,ab14433e2ef8c4eb2a8f5d8bf413f96a042280e9e2139a21193fd4514e549049,912,HASH_ONLY_PASS
G0_ACTIVE_LEGAL,constraint,6b19862a3ca145f5cf3435026b18a1ef04b1523ede25a260bc004be8652b24f1,281,HASH_ONLY_PASS
G0_ACTIVE_LEGAL,coverage_clocks,93781c70fcd03455aabcdd0ca76ada934afb823b73f9220b4210c13ea2d935c5,823,HASH_ONLY_PASS
G0_ACTIVE_LEGAL,coverage_inputs,6d84a31c00d5f84f17265e46737a0cf7d3f47e9f563dc1f499de742565539e7a,825,HASH_ONLY_PASS
G0_ACTIVE_LEGAL,coverage_leaf_pins,a9d7654bff833ab0f0f5cbb84b94e4a78ab5d4d81bf64002307bb023cf7d623b,833,HASH_ONLY_PASS
G0_ACTIVE_LEGAL,coverage_sequential,2e55dabab5a6ae9280c15d663ee31a387f916b634dd827f7acf5102c1b2c9178,827,HASH_ONLY_PASS
G0_ACTIVE_LEGAL,power,159c0bec5d583119ac65147de626a14fd5fa13ab7a9c1a0afa73e7e29583ffcb,2302,HASH_ONLY_PASS
G0_ACTIVE_LEGAL,power_groups,e87acbed631c93c4293631a665e3eb3b2afe2659c3ad672bbfbfcb7ca17d6da8,1947,HASH_ONLY_PASS
G0_ACTIVE_LEGAL,power_hierarchy,25b4f9dbab9d90f8a3550d54ad61846ea38be12f8ed03cc00570571430ec22b5,4338,HASH_ONLY_PASS
G0_ACTIVE_LEGAL,qor,1b787ff6abc27e83337b0b4c01a5f9d0ad2232e278779cfe786e8f738ce93b8b,2460,HASH_ONLY_PASS
G0_ACTIVE_LEGAL,timing_hold,4398497f2371afb94aac3b85d0829c76cefc82eba21f1dbeaaa421f0f1cd65cc,95646,HASH_ONLY_PASS
G0_ACTIVE_LEGAL,timing_setup,1b804fa8af1b092b5c639d8f88a9e0366e84b0746ad51b20cdf5640ae9527780,244237,HASH_ONLY_PASS
G1_IDLE,area,c140dd9cfe7d9edf8c0b9738174bc4630d0b765566575ea97f7fc7e7c7363987,71052,HASH_ONLY_PASS
G1_IDLE,check_design,1669fa550b5d7a1c8502c64a6d758fa4bef92ffc2be3ee2b94ebf33df35eaa49,177937,HASH_ONLY_PASS
G1_IDLE,check_timing,94bf7675a38cf2f7e109edbc8dc51e1112bf6d2b3427362c2e14197d434eaf38,304,HASH_ONLY_PASS
G1_IDLE,clock_gating,be446832d6ec9e077e27d4b7df0870054b58b3cace0fec0858d50287d980fb59,912,HASH_ONLY_PASS
G1_IDLE,constraint,8fabaa85d6822b39baac20aa64072f53486707a7099c9c904b64fc7fe3279f17,281,HASH_ONLY_PASS
G1_IDLE,coverage_clocks,743a2de0c958194d9f935e7b49b52bd9fcf0e0c2a3fe533807aaa7947807a796,825,HASH_ONLY_PASS
G1_IDLE,coverage_inputs,7ce0bb549dc1354f5b91ce4919df6ddc49a55065b04bc35616afb8397ea1e953,825,HASH_ONLY_PASS
G1_IDLE,coverage_leaf_pins,b384a5ef2990989ac0807ae8a8ce7abc6c1f2b4436bbf631155213131b913967,833,HASH_ONLY_PASS
G1_IDLE,coverage_sequential,8aa475269dca8c2a52905c7d69c468b03467e1cec89218f7c9154e0c9383a743,827,HASH_ONLY_PASS
G1_IDLE,power,df51551f5ba448923fb204c8e03af0074a2ab66de629029049e3ca8c9679931e,2302,HASH_ONLY_PASS
G1_IDLE,power_groups,62dabaf54c84eb6887871226a3bc72571b2ed8e528979a2c780f46429d742c2d,1948,HASH_ONLY_PASS
G1_IDLE,power_hierarchy,064dd7e634384bee29c72c63858939ce6f11ca0a0a0cb67bf1c3a42941921fdd,4707,HASH_ONLY_PASS
G1_IDLE,qor,bd78e4f39a3302ff82043fd26f77fb03db5201658d5e94f96032e84213cc3573,2460,HASH_ONLY_PASS
G1_IDLE,timing_hold,2d12e21da2fb8930b38ce3def41ea81e594c77d356c39487e4137e676c4f82b8,95653,HASH_ONLY_PASS
G1_IDLE,timing_setup,b479c28cb332e8885e6942a78e3f3fc7cdb6c30be365978779621ffd536501b6,242726,HASH_ONLY_PASS
G1_BURST_IDLE,area,9d5dba6ee8af45ea4f7b5ddee6b1667236544928e42c0f2c1d8dc93d26961740,71052,HASH_ONLY_PASS
G1_BURST_IDLE,check_design,78e54e1d62a8efcc33dd68c0db325e19009ec7cb6b3b101a7545f4b9af5d25e9,177937,HASH_ONLY_PASS
G1_BURST_IDLE,check_timing,94bf7675a38cf2f7e109edbc8dc51e1112bf6d2b3427362c2e14197d434eaf38,304,HASH_ONLY_PASS
G1_BURST_IDLE,clock_gating,4d6b2bd2e6fc7560ef5e066877036a04aa1a2324a2fa43028d8167a33bc01599,912,HASH_ONLY_PASS
G1_BURST_IDLE,constraint,0f20a298bde963c1efeb8f3d9fc3d39745462a5cd53373f1665d5c40606c8643,281,HASH_ONLY_PASS
G1_BURST_IDLE,coverage_clocks,adfcb193613a2ca2c0d7cab4b7228c93d7e89f0a0d8b3e482b53d529c4d6d4e5,825,HASH_ONLY_PASS
G1_BURST_IDLE,coverage_inputs,28fd4d8b09b2be39bb026d0e4bc2afb025a9c6c37251fcd64bf65a656b05ad61,825,HASH_ONLY_PASS
G1_BURST_IDLE,coverage_leaf_pins,16af4e71578f57ae1b489498aa4790949a8d8e3cb7a458d0463aeef648fa15a2,833,HASH_ONLY_PASS
G1_BURST_IDLE,coverage_sequential,21d815784bf4b23a4172325bec383b4268dd09a425745340016243cd3588c27e,827,HASH_ONLY_PASS
G1_BURST_IDLE,power,5b83cf452c7dd8c402da3312b54615517339d7541f4dec4b02a1a598bce7c0ec,2302,HASH_ONLY_PASS
G1_BURST_IDLE,power_groups,2d7f8b937a4fa0fbef003668c754c70d210c8019a0c6d22a341a05b9c4394ddc,1947,HASH_ONLY_PASS
G1_BURST_IDLE,power_hierarchy,74dc4dc9074e2b340fcf50139959082c3010443d884883f1499cd2dcf0c07ec7,4707,HASH_ONLY_PASS
G1_BURST_IDLE,qor,bb7f251857bb5bf041f857bd8514583e00a69b95055bdd6a9f7120475b182e95,2460,HASH_ONLY_PASS
G1_BURST_IDLE,timing_hold,00acaddb1959af0ec4560ae75f96ffdc26a6a03ecd262028386a43c7a854e800,95653,HASH_ONLY_PASS
G1_BURST_IDLE,timing_setup,b01f23f03884d884603f4158fd3a4afc68d42e4b20706463d36aa0643eb982b3,242726,HASH_ONLY_PASS
G1_ACTIVE_LEGAL,area,37caebd532e443c8e3af0e8b3ec7ded89cbc29e6333d551adeb0296bd36f4fbc,71052,HASH_ONLY_PASS
G1_ACTIVE_LEGAL,check_design,dd54138a6b049115d2355ac8aabd2b477b37cf633999b6c4d10a3e19d5e18c2e,177937,HASH_ONLY_PASS
G1_ACTIVE_LEGAL,check_timing,94bf7675a38cf2f7e109edbc8dc51e1112bf6d2b3427362c2e14197d434eaf38,304,HASH_ONLY_PASS
G1_ACTIVE_LEGAL,clock_gating,68b9f0c0e30351526cad08bfed895c36f957940f59f335ef902f8956f203ba0c,912,HASH_ONLY_PASS
G1_ACTIVE_LEGAL,constraint,cf65b8c641c72385201ff8789ec41d44778768528ba697baa11effe8cb967f65,281,HASH_ONLY_PASS
G1_ACTIVE_LEGAL,coverage_clocks,668bac5da584d1691e90260373c76a1fe621885638889ac8008d52c96190fa7c,825,HASH_ONLY_PASS
G1_ACTIVE_LEGAL,coverage_inputs,e731a1068b7284d780677c8024bb1dd8720e1afb531b37ee9fa744fbf18cffc8,825,HASH_ONLY_PASS
G1_ACTIVE_LEGAL,coverage_leaf_pins,b49198e736842447cb9158ff788425fcba5f2651236a6f631c47306646e149da,833,HASH_ONLY_PASS
G1_ACTIVE_LEGAL,coverage_sequential,78fd8c5e7d85cea59a74a2b6bb24c0901590a27b07c184184b39045cce149a9d,827,HASH_ONLY_PASS
G1_ACTIVE_LEGAL,power,4f0206cd2b4a7e5d271292bdc9a03e8fb7f5bcb18f2f0cb946d448324fff2e34,2302,HASH_ONLY_PASS
G1_ACTIVE_LEGAL,power_groups,090b2eddca7f19ec8324abb2b8b93e2c1d8f3baf0af2078720266b2646d6b270,1947,HASH_ONLY_PASS
G1_ACTIVE_LEGAL,power_hierarchy,66187a8594d3c18fa698723de8b9f32b88a5dcb27753489406eba8e005da3d52,4707,HASH_ONLY_PASS
G1_ACTIVE_LEGAL,qor,ff287917091632903a434d0c06948b62d53bad0d5784ecaad903750de96c030f,2460,HASH_ONLY_PASS
G1_ACTIVE_LEGAL,timing_hold,df8c9fa264992e057f57d926e10754849f1d741ea33c40f0df7cc041de9007cc,95653,HASH_ONLY_PASS
G1_ACTIVE_LEGAL,timing_setup,0204c22b0de21605601e278f0b55e759b97f675d17b22efb9af6d55a9961a4c4,242726,HASH_ONLY_PASS
