path,source_ref,source_sha256,published_sha256,relationship
rtl/common/mrtc_axis_bounded_output_fifo.sv,7fa7f554246f34cc474a123cfed68d070688412d,8f10af66452edda70ad921ec51de4848496590dc23525d6f654d2ba4aa8309fb,8f10af66452edda70ad921ec51de4848496590dc23525d6f654d2ba4aa8309fb,identical
rtl/common/mrtc_axis_fifo_simple.sv,7fa7f554246f34cc474a123cfed68d070688412d,8ca3de5b9724b2913eb4b0205c5a71097305b800fbcf882e8bc59c57c2cc909e,8ca3de5b9724b2913eb4b0205c5a71097305b800fbcf882e8bc59c57c2cc909e,identical
rtl/common/mrtc_axis_fifo_wrapper.sv,7fa7f554246f34cc474a123cfed68d070688412d,b4b4dc70935214fb23eb3465bd8da1c764d5a60da63921a19ff09cb3a88b3f13,b4b4dc70935214fb23eb3465bd8da1c764d5a60da63921a19ff09cb3a88b3f13,identical
rtl/common/mrtc_axis_packet_arbiter.sv,7fa7f554246f34cc474a123cfed68d070688412d,34f39c7ba30954332873c46990e54afc13a4105eda71e120f4f045d0ac82ec2e,34f39c7ba30954332873c46990e54afc13a4105eda71e120f4f045d0ac82ec2e,identical
rtl/common/mrtc_axis_packet_arbiter_nlane.sv,7fa7f554246f34cc474a123cfed68d070688412d,5d11fb64dc7956c0938707a9979fe00a7b8668dcee5896d5b7a513b5c0667deb,5d11fb64dc7956c0938707a9979fe00a7b8668dcee5896d5b7a513b5c0667deb,identical
rtl/common/mrtc_axis_reg_queue2.sv,7fa7f554246f34cc474a123cfed68d070688412d,8667ae80cd45d2a16d329b0e972388bef72c62edc158a867e6c893916ceef199,8667ae80cd45d2a16d329b0e972388bef72c62edc158a867e6c893916ceef199,identical
rtl/common/mrtc_axis_skid_buffer.sv,7fa7f554246f34cc474a123cfed68d070688412d,1955c6933c41eda953a82a1434b19d903d7204fb449f494916c0c0c1633aed90,1955c6933c41eda953a82a1434b19d903d7204fb449f494916c0c0c1633aed90,identical
rtl/common/mrtc_axis_skid_buffer_flushable.sv,7fa7f554246f34cc474a123cfed68d070688412d,2cc1566d4d92823dadae250bed3132880bf8fb5f1152ddc6a2eecf95ae466caa,2cc1566d4d92823dadae250bed3132880bf8fb5f1152ddc6a2eecf95ae466caa,identical
rtl/common/mrtc_axis_width_packer.sv,7fa7f554246f34cc474a123cfed68d070688412d,bd96b70717234d7c7075db78e2086bc1fbe01194b84e41a7a38b23d5a9513798,bd96b70717234d7c7075db78e2086bc1fbe01194b84e41a7a38b23d5a9513798,identical
rtl/common/mrtc_byte_serializer.sv,7fa7f554246f34cc474a123cfed68d070688412d,3d6970e4fba5a9c42723aa1db311a04ea2fdd5a54c0de1b081f89dd6138d93b7,3d6970e4fba5a9c42723aa1db311a04ea2fdd5a54c0de1b081f89dd6138d93b7,identical
rtl/common/mrtc_iq_lane_unpack.sv,7fa7f554246f34cc474a123cfed68d070688412d,196a8a071faaa8e89e1767ea421694c57d4aaaa1e1cd0985d3c1aa20b26e7a25,196a8a071faaa8e89e1767ea421694c57d4aaaa1e1cd0985d3c1aa20b26e7a25,identical
rtl/common/mrtc_pkg.sv,7fa7f554246f34cc474a123cfed68d070688412d,d8a29045af1d9a1296af4b1feb772b16df7e4a6e6770bdf265b023aeadeb9868,d8a29045af1d9a1296af4b1feb772b16df7e4a6e6770bdf265b023aeadeb9868,identical
rtl/rdtc/mrtc_axis_payload_bram.sv,7fa7f554246f34cc474a123cfed68d070688412d,22f206371830d567277cb8fd7ea48fe9bf27bd77f1422842ba9ce07231bf5b3c,22f206371830d567277cb8fd7ea48fe9bf27bd77f1422842ba9ce07231bf5b3c,identical
rtl/rdtc/mrtc_axis_payload_commit_store.sv,7fa7f554246f34cc474a123cfed68d070688412d,c951bb34b18a408d211f6e42bc05f07fc50f25992e65a39ff1389b4fe67498fd,c951bb34b18a408d211f6e42bc05f07fc50f25992e65a39ff1389b4fe67498fd,identical
rtl/rdtc/mrtc_axis_raw_unpack.sv,7fa7f554246f34cc474a123cfed68d070688412d,a3aecf6c42631a7e2ebfb21e1f1381522741ba5428160a91c4aa90b71f187f93,a3aecf6c42631a7e2ebfb21e1f1381522741ba5428160a91c4aa90b71f187f93,identical
rtl/rdtc/mrtc_bit_accumulator_axis.sv,7fa7f554246f34cc474a123cfed68d070688412d,c25d96c756790abe9cc68f00f074265fb9a9327c7c02868f94f4ca7eb8899093,c25d96c756790abe9cc68f00f074265fb9a9327c7c02868f94f4ca7eb8899093,identical
rtl/rdtc/mrtc_block_buffer.sv,7fa7f554246f34cc474a123cfed68d070688412d,be9f9deedad33992055a781a708847c55172e4053ad71fca3df69724c5cd2067,be9f9deedad33992055a781a708847c55172e4053ad71fca3df69724c5cd2067,identical
rtl/rdtc/mrtc_block_ctrl.sv,7fa7f554246f34cc474a123cfed68d070688412d,23b77b46f4915575e876abda3e910b47b930a61570482da64da6329ffa328132,23b77b46f4915575e876abda3e910b47b930a61570482da64da6329ffa328132,identical
rtl/rdtc/mrtc_block_read_adapter.sv,7fa7f554246f34cc474a123cfed68d070688412d,4c10ccd2a37c242405592dce04be8b5b19bd2f31f51eef5fbf797897d6164d73,4c10ccd2a37c242405592dce04be8b5b19bd2f31f51eef5fbf797897d6164d73,identical
rtl/rdtc/mrtc_block_sample_mem.sv,7fa7f554246f34cc474a123cfed68d070688412d,48ef27d9a094d6bba9ffd3d565263a5cb67b50bdae6a6860c1c8dab1882f6bc7,48ef27d9a094d6bba9ffd3d565263a5cb67b50bdae6a6860c1c8dab1882f6bc7,identical
rtl/rdtc/mrtc_block_sample_read_adapter.sv,7fa7f554246f34cc474a123cfed68d070688412d,340a246b6b8f4d632ac9b1a00a44e5d285b82c15fc69b2a79757a790cf533961,340a246b6b8f4d632ac9b1a00a44e5d285b82c15fc69b2a79757a790cf533961,identical
rtl/rdtc/mrtc_block_word_bank.sv,7fa7f554246f34cc474a123cfed68d070688412d,56cd93aeee11d162c667f464a75c92d7302c488cc62c43c6c3a8f7f30a06d03e,56cd93aeee11d162c667f464a75c92d7302c488cc62c43c6c3a8f7f30a06d03e,identical
rtl/rdtc/mrtc_bounded_feeder_fifo_mem.sv,7fa7f554246f34cc474a123cfed68d070688412d,8fdaaff3690ba8e3424d98b43b869c59a7d92d618868842b6a2194fa2defb645,8fdaaff3690ba8e3424d98b43b869c59a7d92d618868842b6a2194fa2defb645,identical
rtl/rdtc/mrtc_bounded_payload_slot_mem.sv,7fa7f554246f34cc474a123cfed68d070688412d,7b62a211915bba76fed1a60e004b91fe25e30d77af50579822e36e8aca2b47d7,7b62a211915bba76fed1a60e004b91fe25e30d77af50579822e36e8aca2b47d7,identical
rtl/rdtc/mrtc_comp_input_unpack.sv,7fa7f554246f34cc474a123cfed68d070688412d,306a3168e317a233c3c7aaea382941eeff264fc1406da2429fbd9a5b5623fdf5,306a3168e317a233c3c7aaea382941eeff264fc1406da2429fbd9a5b5623fdf5,identical
rtl/rdtc/mrtc_comp_output_packer.sv,7fa7f554246f34cc474a123cfed68d070688412d,2dd07d1d5ead7a8447dac7efcdda28e339d25b8cc1bde08c6adb5fab1a168fc0,2dd07d1d5ead7a8447dac7efcdda28e339d25b8cc1bde08c6adb5fab1a168fc0,identical
rtl/rdtc/mrtc_header_axis_streamer.sv,7fa7f554246f34cc474a123cfed68d070688412d,3cf39a2fa3228d6dfd027729530f16cae6f6784788d5f19167fa7d95d396b3cb,3cf39a2fa3228d6dfd027729530f16cae6f6784788d5f19167fa7d95d396b3cb,identical
rtl/rdtc/mrtc_header_gen.sv,7fa7f554246f34cc474a123cfed68d070688412d,47af58709a164cb7632cff9fc5036bd63b1f871609556dd8412a38cd83f7a41d,47af58709a164cb7632cff9fc5036bd63b1f871609556dd8412a38cd83f7a41d,identical
rtl/rdtc/mrtc_header_parser.sv,7fa7f554246f34cc474a123cfed68d070688412d,37636940fcfc1ecdb9cfdd06717fb689719cd5780a5ff1a572651089d88526d7,37636940fcfc1ecdb9cfdd06717fb689719cd5780a5ff1a572651089d88526d7,identical
rtl/rdtc/mrtc_k_policy_engine.sv,7fa7f554246f34cc474a123cfed68d070688412d,d1d57e36c41d3ac69028d0fafc11ab3c7aa6d5dcd0e13271d7a1154e1b7d24c9,d1d57e36c41d3ac69028d0fafc11ab3c7aa6d5dcd0e13271d7a1154e1b7d24c9,identical
rtl/rdtc/mrtc_pingpong_block_bank_manager.sv,7fa7f554246f34cc474a123cfed68d070688412d,6335a50bca04b3df99888b7e62bd0a602edadf762f5d70a9ffebd7bca746563a,6335a50bca04b3df99888b7e62bd0a602edadf762f5d70a9ffebd7bca746563a,identical
rtl/rdtc/mrtc_prefix_capture_buffer.sv,7fa7f554246f34cc474a123cfed68d070688412d,aacd71aca6f7418cdf04e2c40a80cc2743e34ebf53bf2456b7d88367dc4a4a77,aacd71aca6f7418cdf04e2c40a80cc2743e34ebf53bf2456b7d88367dc4a4a77,identical
rtl/rdtc/mrtc_prefix_k_accum_stream.sv,7fa7f554246f34cc474a123cfed68d070688412d,d443e1e730798acc214b87ca59399de5d64ce9a7ae2148df797d45f0bc2088d4,d443e1e730798acc214b87ca59399de5d64ce9a7ae2148df797d45f0bc2088d4,identical
rtl/rdtc/mrtc_prefix_k_select_seq.sv,7fa7f554246f34cc474a123cfed68d070688412d,ccc265b2c43a259b4cfeb1991970c11bbdc42983276ffef4c12a979c3193209d,ccc265b2c43a259b4cfeb1991970c11bbdc42983276ffef4c12a979c3193209d,identical
rtl/rdtc/mrtc_prefix_precompute_engine.sv,7fa7f554246f34cc474a123cfed68d070688412d,8774fbf9851487f0993aff3ea50058632bea87c77cbcbc2235bf2995c54efb77,8774fbf9851487f0993aff3ea50058632bea87c77cbcbc2235bf2995c54efb77,identical
rtl/rdtc/mrtc_prefix_sample_buffer.sv,7fa7f554246f34cc474a123cfed68d070688412d,1fe808d3845f33855d5cba28861d76be3a37b5b798af4e62f43dc365ef563344,1fe808d3845f33855d5cba28861d76be3a37b5b798af4e62f43dc365ef563344,identical
rtl/rdtc/mrtc_raw_axis_streamer.sv,7fa7f554246f34cc474a123cfed68d070688412d,acfed337da34c293024ddd6c8833582b1932fa714e68bac5d88f85fa9082feab,acfed337da34c293024ddd6c8833582b1932fa714e68bac5d88f85fa9082feab,identical
rtl/rdtc/mrtc_raw_bank_axis_streamer.sv,7fa7f554246f34cc474a123cfed68d070688412d,9071891421e154237024e4c222ba2a4c956f4a3aa1db20536eb9154ac3d8c7d8,9071891421e154237024e4c222ba2a4c956f4a3aa1db20536eb9154ac3d8c7d8,identical
rtl/rdtc/mrtc_raw_bypass_mux.sv,7fa7f554246f34cc474a123cfed68d070688412d,a915a83f7a424cffd784a7e604bca4602bf3b16d43ec8d4c13b31069e3d0d25b,a915a83f7a424cffd784a7e604bca4602bf3b16d43ec8d4c13b31069e3d0d25b,identical
rtl/rdtc/mrtc_raw_output_packer.sv,7fa7f554246f34cc474a123cfed68d070688412d,eb721813c69a592ff818a3bf4dd2c4bf6d1bc70a55b5aed326a01b141d36ffee,eb721813c69a592ff818a3bf4dd2c4bf6d1bc70a55b5aed326a01b141d36ffee,identical
rtl/rdtc/mrtc_rdtc_bounded_axis_multiengine_wrapper.sv,7fa7f554246f34cc474a123cfed68d070688412d,7e1c0bdbded4a281b1ca48525f611f7509f9d57ab21ce315c0a8db6ffe432505,7e1c0bdbded4a281b1ca48525f611f7509f9d57ab21ce315c0a8db6ffe432505,identical
rtl/rdtc/mrtc_rdtc_codec_top.sv,7fa7f554246f34cc474a123cfed68d070688412d,951eb0114ca9e249d7d46323c6ff0c4d6099f200c0a09127e2e9a35e17733126,951eb0114ca9e249d7d46323c6ff0c4d6099f200c0a09127e2e9a35e17733126,identical
rtl/rdtc/mrtc_rdtc_decoder_top.sv,7fa7f554246f34cc474a123cfed68d070688412d,237f00940a588ab446772569a3681a673dc2f5454344cf75efc99fa3f5dadc84,237f00940a588ab446772569a3681a673dc2f5454344cf75efc99fa3f5dadc84,identical
rtl/rdtc/mrtc_rdtc_dual_core.sv,7fa7f554246f34cc474a123cfed68d070688412d,bb9aaa93ed6daae143d725e1113209fa8dc9582a1089d7ade90480544e517c70,bb9aaa93ed6daae143d725e1113209fa8dc9582a1089d7ade90480544e517c70,identical
rtl/rdtc/mrtc_rdtc_encoder_bounded_ht.sv,7fa7f554246f34cc474a123cfed68d070688412d,812671081e05b86632455e452c492147169a211a8e7042b1a5649b60b050b6fd,812671081e05b86632455e452c492147169a211a8e7042b1a5649b60b050b6fd,identical
rtl/rdtc/mrtc_rdtc_encoder_top.sv,7fa7f554246f34cc474a123cfed68d070688412d,b95777fde95b947a57eecf338c9298c6e7839a67fc115f7520d09ba1e3378282,b95777fde95b947a57eecf338c9298c6e7839a67fc115f7520d09ba1e3378282,identical
rtl/rdtc/mrtc_rdtc_encoder_top_axis_bp_smallbuf.sv,7fa7f554246f34cc474a123cfed68d070688412d,322d4247fad0b6539a905b1646a77421cad00a27381fa7c48b128a03371802ad,322d4247fad0b6539a905b1646a77421cad00a27381fa7c48b128a03371802ad,identical
rtl/rdtc/mrtc_rdtc_engine_lane.sv,7fa7f554246f34cc474a123cfed68d070688412d,3b1a8298d0363a7bc3c1088b45330a6a04ec71e5f268144d4867e6972da9f4fd,3b1a8298d0363a7bc3c1088b45330a6a04ec71e5f268144d4867e6972da9f4fd,identical
rtl/rdtc/mrtc_rdtc_wb_lane_adapter.sv,7fa7f554246f34cc474a123cfed68d070688412d,973fc66e57942699918ca740f27a42f872e3ec13cd74a5c7015fbd4600d1994d,973fc66e57942699918ca740f27a42f872e3ec13cd74a5c7015fbd4600d1994d,identical
rtl/rdtc/mrtc_rdtc_wb_wrapper.sv,7fa7f554246f34cc474a123cfed68d070688412d,0a02c72f47ecd170e1fd8845065dffd58e9d5891bc4a905c21babd2d06a5c630,0a02c72f47ecd170e1fd8845065dffd58e9d5891bc4a905c21babd2d06a5c630,identical
rtl/rdtc/mrtc_residual_map.sv,7fa7f554246f34cc474a123cfed68d070688412d,cc17fc21c07affc3bf73daf3c3a8dd1ad139ffaf9619c777414f7e9e98a5eff3,cc17fc21c07affc3bf73daf3c3a8dd1ad139ffaf9619c777414f7e9e98a5eff3,identical
rtl/rdtc/mrtc_residual_unmap.sv,7fa7f554246f34cc474a123cfed68d070688412d,934c342e390af1b5342ee1a436fed243bfa6e66be33e128e3e7af9a227295e61,934c342e390af1b5342ee1a436fed243bfa6e66be33e128e3e7af9a227295e61,identical
rtl/rdtc/mrtc_rice_bit_count.sv,7fa7f554246f34cc474a123cfed68d070688412d,ac21957476a0e8a707cebddf2c98e29eb9ae735a95fa5e7d0cb223144d0b2165,ac21957476a0e8a707cebddf2c98e29eb9ae735a95fa5e7d0cb223144d0b2165,identical
rtl/rdtc/mrtc_rice_bitpacker.sv,7fa7f554246f34cc474a123cfed68d070688412d,08ce13009561db0869cda2e36e8ebde2d65b91155fee8680302b59f0af80884a,08ce13009561db0869cda2e36e8ebde2d65b91155fee8680302b59f0af80884a,identical
rtl/rdtc/mrtc_rice_bitpacker_axis.sv,7fa7f554246f34cc474a123cfed68d070688412d,033a397d1709e0a59dd89b4cfec0952da95b520605fd488d114fc6cc80394e3c,033a397d1709e0a59dd89b4cfec0952da95b520605fd488d114fc6cc80394e3c,identical
rtl/rdtc/mrtc_rice_bitpacker_lane_axis.sv,7fa7f554246f34cc474a123cfed68d070688412d,055c13d9baf6a107506b040c0520dacdc1478ea84de067d35f6b2e92f09973fd,055c13d9baf6a107506b040c0520dacdc1478ea84de067d35f6b2e92f09973fd,identical
rtl/rdtc/mrtc_rice_bitpacker_seq.sv,7fa7f554246f34cc474a123cfed68d070688412d,4ae4f1e48a75731c7ede23256811fe0c14f6e897f7a528dd8bb3316b6417346c,4ae4f1e48a75731c7ede23256811fe0c14f6e897f7a528dd8bb3316b6417346c,identical
rtl/rdtc/mrtc_rice_bitreader.sv,7fa7f554246f34cc474a123cfed68d070688412d,1328c002eaa4e222257dd4c93727463a1ffecb93e8a1cd1fee6b5e491fe21ec2,1328c002eaa4e222257dd4c93727463a1ffecb93e8a1cd1fee6b5e491fe21ec2,identical
rtl/rdtc/mrtc_rice_decoder.sv,7fa7f554246f34cc474a123cfed68d070688412d,2214ba6485468b7d76af8881afed635f04805a72a62cf88e648b8c91d879ce9f,2214ba6485468b7d76af8881afed635f04805a72a62cf88e648b8c91d879ce9f,identical
rtl/rdtc/mrtc_rice_k_select.sv,7fa7f554246f34cc474a123cfed68d070688412d,6f7af9cf51ec1739d704476c67a47953aae154c3d208819810d1400c120f4b29,6f7af9cf51ec1739d704476c67a47953aae154c3d208819810d1400c120f4b29,identical
rtl/rdtc/mrtc_rice_k_select_seq.sv,7fa7f554246f34cc474a123cfed68d070688412d,95d95e8922ff7dd6304f170870d937b8c9e92e5f21b667aad96bd6ac26ab5474,95d95e8922ff7dd6304f170870d937b8c9e92e5f21b667aad96bd6ac26ab5474,identical
rtl/rdtc/mrtc_shallow_1rw_way.sv,7fa7f554246f34cc474a123cfed68d070688412d,d794c444c72aec9403eaacf7e141d5ca0d30087c3f530e9584a9ad95b6ba8cab,d794c444c72aec9403eaacf7e141d5ca0d30087c3f530e9584a9ad95b6ba8cab,identical
rtl/rdtc/mrtc_shallow_way_ring_slice.sv,7fa7f554246f34cc474a123cfed68d070688412d,00533db4aab31d54d6a4946971cb26dc765281b5f6ffab1a68ff24f5d41c0923,00533db4aab31d54d6a4946971cb26dc765281b5f6ffab1a68ff24f5d41c0923,identical
rtl/top/mrtc_axi_lite_reg_block.sv,7fa7f554246f34cc474a123cfed68d070688412d,2e5b7409162f18467c824f015f023d91e95dc669d5d0a2c61aea525265142a7e,2e5b7409162f18467c824f015f023d91e95dc669d5d0a2c61aea525265142a7e,identical
rtl/top/mrtc_top.sv,7fa7f554246f34cc474a123cfed68d070688412d,a10525fa35fce1dc897d39c41f491458108094378ef188d21808ba7c4ace1130,a10525fa35fce1dc897d39c41f491458108094378ef188d21808ba7c4ace1130,identical
