scenario,cycle,input_fire,input_owner,input_block,e0_prefix_done,e0_k_valid,e0_k,e0_ring_wr,e0_ring_wr_addr,e0_ring_wr_block,e0_ring_rd_req,e0_ring_rd_req_addr,e0_ring_rd_req_block,e0_ring_rd_rsp,e0_ring_rd_rsp_addr,e0_ring_rd_rsp_block,e0_block,e1_prefix_done,e1_k_valid,e1_k,e1_ring_wr,e1_ring_wr_addr,e1_ring_wr_block,e1_ring_rd_req,e1_ring_rd_req_addr,e1_ring_rd_req_block,e1_ring_rd_rsp,e1_ring_rd_rsp_addr,e1_ring_rd_rsp_block,e1_block,m_tvalid,m_tready,m_tdata,m_tuser,m_tlast,output_owner,output_block,wrapper_error,e0_error,e1_error
backpressure,6,1,0,0,0,0,-1,0,-1,-1,0,-1,-1,0,-1,-1,-1,0,0,-1,0,-1,-1,0,-1,-1,0,-1,-1,-1,0,1,00000000000000000000000000000000,00,0,-1,-1,0,0,0
backpressure,7,1,0,0,0,0,-1,1,0,0,0,-1,-1,0,-1,-1,-1,0,0,-1,0,-1,-1,0,-1,-1,0,-1,-1,-1,0,1,00000000000000000000000000000000,00,0,-1,-1,0,0,0
backpressure,8,1,0,0,0,0,-1,1,1,0,0,-1,-1,0,-1,-1,0,0,0,-1,0,-1,-1,0,-1,-1,0,-1,-1,-1,0,1,00000000000000000000000000000000,00,0,-1,-1,0,0,0
backpressure,9,1,0,0,0,0,-1,1,2,0,0,-1,-1,0,-1,-1,0,0,0,-1,0,-1,-1,0,-1,-1,0,-1,-1,-1,0,1,00000000000000000000000000000000,00,0,-1,-1,0,0,0
backpressure,10,1,0,0,0,0,-1,1,3,0,0,-1,-1,0,-1,-1,0,0,0,-1,0,-1,-1,0,-1,-1,0,-1,-1,-1,0,1,00000000000000000000000000000000,00,0,-1,-1,0,0,0
backpressure,11,1,0,0,0,0,-1,1,4,0,0,-1,-1,0,-1,-1,0,0,0,-1,0,-1,-1,0,-1,-1,0,-1,-1,-1,0,1,00000000000000000000000000000000,00,0,-1,-1,0,0,0
backpressure,12,1,0,0,0,0,-1,1,5,0,0,-1,-1,0,-1,-1,0,0,0,-1,0,-1,-1,0,-1,-1,0,-1,-1,-1,0,1,00000000000000000000000000000000,00,0,-1,-1,0,0,0
backpressure,13,1,0,0,0,0,-1,1,6,0,0,-1,-1,0,-1,-1,0,0,0,-1,0,-1,-1,0,-1,-1,0,-1,-1,-1,0,1,00000000000000000000000000000000,00,0,-1,-1,0,0,0
backpressure,14,1,0,0,0,0,-1,1,7,0,0,-1,-1,0,-1,-1,0,0,0,-1,0,-1,-1,0,-1,-1,0,-1,-1,-1,0,1,00000000000000000000000000000000,00,0,-1,-1,0,0,0
backpressure,15,1,0,0,0,0,-1,1,8,0,0,-1,-1,0,-1,-1,0,0,0,-1,0,-1,-1,0,-1,-1,0,-1,-1,-1,0,1,00000000000000000000000000000000,00,0,-1,-1,0,0,0
backpressure,16,1,0,0,0,0,-1,1,9,0,0,-1,-1,0,-1,-1,0,0,0,-1,0,-1,-1,0,-1,-1,0,-1,-1,-1,0,1,00000000000000000000000000000000,00,0,-1,-1,0,0,0
backpressure,17,1,0,0,0,0,-1,1,10,0,0,-1,-1,0,-1,-1,0,0,0,-1,0,-1,-1,0,-1,-1,0,-1,-1,-1,0,1,00000000000000000000000000000000,00,0,-1,-1,0,0,0
backpressure,18,1,0,0,0,0,-1,1,11,0,0,-1,-1,0,-1,-1,0,0,0,-1,0,-1,-1,0,-1,-1,0,-1,-1,-1,0,1,00000000000000000000000000000000,00,0,-1,-1,0,0,0
backpressure,19,1,0,0,0,0,-1,1,12,0,0,-1,-1,0,-1,-1,0,0,0,-1,0,-1,-1,0,-1,-1,0,-1,-1,-1,0,1,00000000000000000000000000000000,00,0,-1,-1,0,0,0
backpressure,20,1,0,0,0,0,-1,1,13,0,0,-1,-1,0,-1,-1,0,0,0,-1,0,-1,-1,0,-1,-1,0,-1,-1,-1,0,1,00000000000000000000000000000000,00,0,-1,-1,0,0,0
backpressure,21,1,0,0,0,0,-1,1,14,0,0,-1,-1,0,-1,-1,0,0,0,-1,0,-1,-1,0,-1,-1,0,-1,-1,-1,0,1,00000000000000000000000000000000,00,0,-1,-1,0,0,0
backpressure,22,1,0,0,0,0,-1,1,15,0,0,-1,-1,0,-1,-1,0,0,0,-1,0,-1,-1,0,-1,-1,0,-1,-1,-1,0,1,00000000000000000000000000000000,00,0,-1,-1,0,0,0
backpressure,23,1,0,0,0,0,-1,1,16,0,0,-1,-1,0,-1,-1,0,0,0,-1,0,-1,-1,0,-1,-1,0,-1,-1,-1,0,1,00000000000000000000000000000000,00,0,-1,-1,0,0,0
backpressure,24,1,0,0,0,0,-1,1,17,0,0,-1,-1,0,-1,-1,0,0,0,-1,0,-1,-1,0,-1,-1,0,-1,-1,-1,0,1,00000000000000000000000000000000,00,0,-1,-1,0,0,0
backpressure,25,1,0,0,0,0,-1,1,18,0,0,-1,-1,0,-1,-1,0,0,0,-1,0,-1,-1,0,-1,-1,0,-1,-1,-1,0,1,00000000000000000000000000000000,00,0,-1,-1,0,0,0
backpressure,26,1,0,0,0,0,-1,1,19,0,0,-1,-1,0,-1,-1,0,0,0,-1,0,-1,-1,0,-1,-1,0,-1,-1,-1,0,1,00000000000000000000000000000000,00,0,-1,-1,0,0,0
backpressure,27,1,0,0,0,0,-1,1,20,0,0,-1,-1,0,-1,-1,0,0,0,-1,0,-1,-1,0,-1,-1,0,-1,-1,-1,0,1,00000000000000000000000000000000,00,0,-1,-1,0,0,0
backpressure,28,1,0,0,0,0,-1,1,21,0,0,-1,-1,0,-1,-1,0,0,0,-1,0,-1,-1,0,-1,-1,0,-1,-1,-1,0,1,00000000000000000000000000000000,00,0,-1,-1,0,0,0
backpressure,29,1,0,0,0,0,-1,1,22,0,0,-1,-1,0,-1,-1,0,0,0,-1,0,-1,-1,0,-1,-1,0,-1,-1,-1,0,1,00000000000000000000000000000000,00,0,-1,-1,0,0,0
backpressure,30,1,0,0,0,0,-1,1,23,0,0,-1,-1,0,-1,-1,0,0,0,-1,0,-1,-1,0,-1,-1,0,-1,-1,-1,0,1,00000000000000000000000000000000,00,0,-1,-1,0,0,0
backpressure,31,1,0,0,0,0,-1,1,24,0,0,-1,-1,0,-1,-1,0,0,0,-1,0,-1,-1,0,-1,-1,0,-1,-1,-1,0,1,00000000000000000000000000000000,00,0,-1,-1,0,0,0
backpressure,32,1,0,0,0,0,-1,1,25,0,0,-1,-1,0,-1,-1,0,0,0,-1,0,-1,-1,0,-1,-1,0,-1,-1,-1,0,1,00000000000000000000000000000000,00,0,-1,-1,0,0,0
backpressure,33,1,0,0,0,0,-1,1,26,0,0,-1,-1,0,-1,-1,0,0,0,-1,0,-1,-1,0,-1,-1,0,-1,-1,-1,0,1,00000000000000000000000000000000,00,0,-1,-1,0,0,0
backpressure,34,1,0,0,0,0,-1,1,27,0,0,-1,-1,0,-1,-1,0,0,0,-1,0,-1,-1,0,-1,-1,0,-1,-1,-1,0,1,00000000000000000000000000000000,00,0,-1,-1,0,0,0
backpressure,35,1,0,0,0,0,-1,1,28,0,0,-1,-1,0,-1,-1,0,0,0,-1,0,-1,-1,0,-1,-1,0,-1,-1,-1,0,1,00000000000000000000000000000000,00,0,-1,-1,0,0,0
backpressure,36,1,0,0,0,0,-1,1,29,0,0,-1,-1,0,-1,-1,0,0,0,-1,0,-1,-1,0,-1,-1,0,-1,-1,-1,0,1,00000000000000000000000000000000,00,0,-1,-1,0,0,0
backpressure,37,1,0,0,0,0,-1,1,30,0,0,-1,-1,0,-1,-1,0,0,0,-1,0,-1,-1,0,-1,-1,0,-1,-1,-1,0,1,00000000000000000000000000000000,00,0,-1,-1,0,0,0
backpressure,38,1,0,0,0,0,-1,1,31,0,0,-1,-1,0,-1,-1,0,0,0,-1,0,-1,-1,0,-1,-1,0,-1,-1,-1,0,1,00000000000000000000000000000000,00,0,-1,-1,0,0,0
backpressure,39,1,0,0,0,0,-1,1,32,0,0,-1,-1,0,-1,-1,0,0,0,-1,0,-1,-1,0,-1,-1,0,-1,-1,-1,0,1,00000000000000000000000000000000,00,0,-1,-1,0,0,0
backpressure,40,1,0,0,0,0,-1,1,33,0,0,-1,-1,0,-1,-1,0,0,0,-1,0,-1,-1,0,-1,-1,0,-1,-1,-1,0,1,00000000000000000000000000000000,00,0,-1,-1,0,0,0
backpressure,41,1,0,0,0,0,-1,1,34,0,0,-1,-1,0,-1,-1,0,0,0,-1,0,-1,-1,0,-1,-1,0,-1,-1,-1,0,1,00000000000000000000000000000000,00,0,-1,-1,0,0,0
backpressure,42,1,0,0,0,0,-1,1,35,0,0,-1,-1,0,-1,-1,0,0,0,-1,0,-1,-1,0,-1,-1,0,-1,-1,-1,0,1,00000000000000000000000000000000,00,0,-1,-1,0,0,0
backpressure,43,1,0,0,0,0,-1,1,36,0,0,-1,-1,0,-1,-1,0,0,0,-1,0,-1,-1,0,-1,-1,0,-1,-1,-1,0,1,00000000000000000000000000000000,00,0,-1,-1,0,0,0
backpressure,44,1,0,0,0,0,-1,1,37,0,0,-1,-1,0,-1,-1,0,0,0,-1,0,-1,-1,0,-1,-1,0,-1,-1,-1,0,1,00000000000000000000000000000000,00,0,-1,-1,0,0,0
backpressure,45,1,0,0,0,0,-1,1,38,0,0,-1,-1,0,-1,-1,0,0,0,-1,0,-1,-1,0,-1,-1,0,-1,-1,-1,0,1,00000000000000000000000000000000,00,0,-1,-1,0,0,0
backpressure,46,1,0,0,0,0,-1,1,39,0,0,-1,-1,0,-1,-1,0,0,0,-1,0,-1,-1,0,-1,-1,0,-1,-1,-1,0,1,00000000000000000000000000000000,00,0,-1,-1,0,0,0
backpressure,47,1,0,0,1,0,-1,1,40,0,0,-1,-1,0,-1,-1,0,0,0,-1,0,-1,-1,0,-1,-1,0,-1,-1,-1,0,1,00000000000000000000000000000000,00,0,-1,-1,0,0,0
backpressure,48,1,0,0,0,1,0,1,41,0,0,-1,-1,0,-1,-1,0,0,0,-1,0,-1,-1,0,-1,-1,0,-1,-1,-1,0,1,00000000000000000000000000000000,00,0,-1,-1,0,0,0
backpressure,49,1,0,0,0,1,0,1,42,0,0,-1,-1,0,-1,-1,0,0,0,-1,0,-1,-1,0,-1,-1,0,-1,-1,-1,0,1,00000000000000000000000000000000,00,0,-1,-1,0,0,0
backpressure,50,1,0,0,0,1,0,1,43,0,0,-1,-1,0,-1,-1,0,0,0,-1,0,-1,-1,0,-1,-1,0,-1,-1,-1,1,1,00000010004000010000da0140014d52,0f,0,0,0,0,0,0
backpressure,51,1,0,0,0,1,0,1,44,0,0,-1,-1,0,-1,-1,0,0,0,-1,0,-1,-1,0,-1,-1,0,-1,-1,-1,1,0,000000e8000101010010400140000000,0f,0,0,0,0,0,0
backpressure,52,1,0,0,0,1,0,1,45,0,0,-1,-1,0,-1,-1,0,0,0,-1,0,-1,-1,0,-1,-1,0,-1,-1,-1,1,0,000000e8000101010010400140000000,0f,0,0,0,0,0,0
backpressure,53,1,0,0,0,1,0,1,46,0,0,-1,-1,0,-1,-1,0,0,0,-1,0,-1,-1,0,-1,-1,0,-1,-1,-1,1,1,000000e8000101010010400140000000,0f,0,0,0,0,0,0
backpressure,54,1,0,0,0,1,0,1,47,0,0,-1,-1,0,-1,-1,0,0,0,-1,0,-1,-1,0,-1,-1,0,-1,-1,-1,1,1,00000000000000000000000000001000,0f,0,0,0,0,0,0
backpressure,55,1,0,0,0,1,0,1,48,0,0,-1,-1,0,-1,-1,0,0,0,-1,0,-1,-1,0,-1,-1,0,-1,-1,-1,1,1,00000000000000000000000000000000,0f,0,0,0,0,0,0
backpressure,56,1,0,0,0,1,0,1,49,0,1,0,0,0,-1,-1,0,0,0,-1,0,-1,-1,0,-1,-1,0,-1,-1,-1,0,1,00000000000000000000000000000000,00,0,-1,-1,0,0,0
backpressure,57,1,0,0,0,1,0,1,50,0,1,1,0,0,-1,-1,0,0,0,-1,0,-1,-1,0,-1,-1,0,-1,-1,-1,0,1,00000000000000000000000000000000,00,0,-1,-1,0,0,0
backpressure,58,1,0,0,0,1,0,1,51,0,1,2,0,1,0,0,0,0,0,-1,0,-1,-1,0,-1,-1,0,-1,-1,-1,0,1,00000000000000000000000000000000,00,0,-1,-1,0,0,0
backpressure,59,1,0,0,0,1,0,1,52,0,1,3,0,1,1,0,0,0,0,-1,0,-1,-1,0,-1,-1,0,-1,-1,-1,0,1,00000000000000000000000000000000,00,0,-1,-1,0,0,0
backpressure,60,1,0,0,0,1,0,1,53,0,1,4,0,1,2,0,0,0,0,-1,0,-1,-1,0,-1,-1,0,-1,-1,-1,0,1,00000000000000000000000000000000,00,0,-1,-1,0,0,0
backpressure,61,1,0,0,0,1,0,1,54,0,1,5,0,1,3,0,0,0,0,-1,0,-1,-1,0,-1,-1,0,-1,-1,-1,0,1,00000000000000000000000000000000,00,0,-1,-1,0,0,0
backpressure,62,1,0,0,0,1,0,1,55,0,1,6,0,1,4,0,0,0,0,-1,0,-1,-1,0,-1,-1,0,-1,-1,-1,0,1,00000000000000000000000000000000,00,0,-1,-1,0,0,0
backpressure,63,1,0,0,0,1,0,1,56,0,1,7,0,1,5,0,0,0,0,-1,0,-1,-1,0,-1,-1,0,-1,-1,-1,0,1,00000000000000000000000000000000,00,0,-1,-1,0,0,0
backpressure,64,1,0,0,0,1,0,1,57,0,1,8,0,1,6,0,0,0,0,-1,0,-1,-1,0,-1,-1,0,-1,-1,-1,0,1,00000000000000000000000000000000,00,0,-1,-1,0,0,0
backpressure,65,1,0,0,0,1,0,1,58,0,1,9,0,1,7,0,0,0,0,-1,0,-1,-1,0,-1,-1,0,-1,-1,-1,0,1,00000000000000000000000000000000,00,0,-1,-1,0,0,0
backpressure,66,1,0,0,0,1,0,1,59,0,1,10,0,1,8,0,0,0,0,-1,0,-1,-1,0,-1,-1,0,-1,-1,-1,0,1,00000000000000000000000000000000,00,0,-1,-1,0,0,0
backpressure,67,1,0,0,0,1,0,1,60,0,1,11,0,1,9,0,0,0,0,-1,0,-1,-1,0,-1,-1,0,-1,-1,-1,0,1,00000000000000000000000000000000,00,0,-1,-1,0,0,0
backpressure,68,1,0,0,0,1,0,1,61,0,1,12,0,1,10,0,0,0,0,-1,0,-1,-1,0,-1,-1,0,-1,-1,-1,0,1,00000000000000000000000000000000,00,0,-1,-1,0,0,0
backpressure,69,1,0,0,0,1,0,1,62,0,1,13,0,1,11,0,0,0,0,-1,0,-1,-1,0,-1,-1,0,-1,-1,-1,0,1,00000000000000000000000000000000,00,0,-1,-1,0,0,0
backpressure,70,1,0,0,0,1,0,1,63,0,1,14,0,1,12,0,0,0,0,-1,0,-1,-1,0,-1,-1,0,-1,-1,-1,0,1,00000000000000000000000000000000,00,0,-1,-1,0,0,0
backpressure,71,1,0,0,0,1,0,1,64,0,1,15,0,1,13,0,0,0,0,-1,0,-1,-1,0,-1,-1,0,-1,-1,-1,0,1,00000000000000000000000000000000,00,0,-1,-1,0,0,0
backpressure,72,1,0,0,0,1,0,1,65,0,1,16,0,1,14,0,0,0,0,-1,0,-1,-1,0,-1,-1,0,-1,-1,-1,0,1,00000000000000000000000000000000,00,0,-1,-1,0,0,0
backpressure,73,1,0,0,0,1,0,1,66,0,1,17,0,1,15,0,0,0,0,-1,0,-1,-1,0,-1,-1,0,-1,-1,-1,0,1,00000000000000000000000000000000,00,0,-1,-1,0,0,0
backpressure,74,1,0,0,0,1,0,1,67,0,1,18,0,1,16,0,0,0,0,-1,0,-1,-1,0,-1,-1,0,-1,-1,-1,0,1,00000000000000000000000000000000,00,0,-1,-1,0,0,0
backpressure,75,1,0,0,0,1,0,1,68,0,1,19,0,1,17,0,0,0,0,-1,0,-1,-1,0,-1,-1,0,-1,-1,-1,0,1,00000000000000000000000000000000,00,0,-1,-1,0,0,0
backpressure,76,1,0,0,0,1,0,1,69,0,1,20,0,1,18,0,0,0,0,-1,0,-1,-1,0,-1,-1,0,-1,-1,-1,0,1,00000000000000000000000000000000,00,0,-1,-1,0,0,0
backpressure,77,1,0,0,0,1,0,1,70,0,1,21,0,1,19,0,0,0,0,-1,0,-1,-1,0,-1,-1,0,-1,-1,-1,0,1,00000000000000000000000000000000,00,0,-1,-1,0,0,0
backpressure,78,1,0,0,0,1,0,1,71,0,1,22,0,1,20,0,0,0,0,-1,0,-1,-1,0,-1,-1,0,-1,-1,-1,0,1,00000000000000000000000000000000,00,0,-1,-1,0,0,0
backpressure,79,1,0,0,0,1,0,1,72,0,1,23,0,1,21,0,0,0,0,-1,0,-1,-1,0,-1,-1,0,-1,-1,-1,0,1,00000000000000000000000000000000,00,0,-1,-1,0,0,0
backpressure,80,1,0,0,0,1,0,1,73,0,1,24,0,1,22,0,0,0,0,-1,0,-1,-1,0,-1,-1,0,-1,-1,-1,0,1,00000000000000000000000000000000,00,0,-1,-1,0,0,0
backpressure,81,1,0,0,0,1,0,1,74,0,1,25,0,1,23,0,0,0,0,-1,0,-1,-1,0,-1,-1,0,-1,-1,-1,0,1,00000000000000000000000000000000,00,0,-1,-1,0,0,0
backpressure,82,1,0,0,0,1,0,1,75,0,1,26,0,1,24,0,0,0,0,-1,0,-1,-1,0,-1,-1,0,-1,-1,-1,0,1,00000000000000000000000000000000,00,0,-1,-1,0,0,0
backpressure,83,1,0,0,0,1,0,1,76,0,1,27,0,1,25,0,0,0,0,-1,0,-1,-1,0,-1,-1,0,-1,-1,-1,0,1,00000000000000000000000000000000,00,0,-1,-1,0,0,0
backpressure,84,1,0,0,0,1,0,1,77,0,1,28,0,1,26,0,0,0,0,-1,0,-1,-1,0,-1,-1,0,-1,-1,-1,0,1,00000000000000000000000000000000,00,0,-1,-1,0,0,0
backpressure,85,1,0,0,0,1,0,1,78,0,1,29,0,1,27,0,0,0,0,-1,0,-1,-1,0,-1,-1,0,-1,-1,-1,0,1,00000000000000000000000000000000,00,0,-1,-1,0,0,0
backpressure,86,1,0,0,0,1,0,1,79,0,1,30,0,1,28,0,0,0,0,-1,0,-1,-1,0,-1,-1,0,-1,-1,-1,1,0,00000000000000000000000000000000,0f,0,0,0,0,0,0
backpressure,87,1,0,0,0,1,0,1,80,0,1,31,0,1,29,0,0,0,0,-1,0,-1,-1,0,-1,-1,0,-1,-1,-1,1,0,00000000000000000000000000000000,0f,0,0,0,0,0,0
backpressure,88,1,0,0,0,1,0,1,81,0,1,32,0,1,30,0,0,0,0,-1,0,-1,-1,0,-1,-1,0,-1,-1,-1,1,1,00000000000000000000000000000000,0f,0,0,0,0,0,0
backpressure,89,1,0,0,0,1,0,1,82,0,1,33,0,1,31,0,0,0,0,-1,0,-1,-1,0,-1,-1,0,-1,-1,-1,0,1,00000000000000000000000000000000,00,0,-1,-1,0,0,0
backpressure,90,1,0,0,0,1,0,1,83,0,1,34,0,1,32,0,0,0,0,-1,0,-1,-1,0,-1,-1,0,-1,-1,-1,0,1,00000000000000000000000000000000,00,0,-1,-1,0,0,0
backpressure,91,1,0,0,0,1,0,1,84,0,1,35,0,1,33,0,0,0,0,-1,0,-1,-1,0,-1,-1,0,-1,-1,-1,0,1,00000000000000000000000000000000,00,0,-1,-1,0,0,0
backpressure,92,1,0,0,0,1,0,1,85,0,1,36,0,1,34,0,0,0,0,-1,0,-1,-1,0,-1,-1,0,-1,-1,-1,0,1,00000000000000000000000000000000,00,0,-1,-1,0,0,0
backpressure,93,1,0,0,0,1,0,1,86,0,1,37,0,1,35,0,0,0,0,-1,0,-1,-1,0,-1,-1,0,-1,-1,-1,0,1,00000000000000000000000000000000,00,0,-1,-1,0,0,0
backpressure,94,1,0,0,0,1,0,1,87,0,1,38,0,1,36,0,0,0,0,-1,0,-1,-1,0,-1,-1,0,-1,-1,-1,0,1,00000000000000000000000000000000,00,0,-1,-1,0,0,0
backpressure,95,1,0,0,0,1,0,1,88,0,1,39,0,1,37,0,0,0,0,-1,0,-1,-1,0,-1,-1,0,-1,-1,-1,0,1,00000000000000000000000000000000,00,0,-1,-1,0,0,0
backpressure,96,1,0,0,0,1,0,1,89,0,1,40,0,1,38,0,0,0,0,-1,0,-1,-1,0,-1,-1,0,-1,-1,-1,0,1,00000000000000000000000000000000,00,0,-1,-1,0,0,0
backpressure,97,1,0,0,0,1,0,1,90,0,1,41,0,1,39,0,0,0,0,-1,0,-1,-1,0,-1,-1,0,-1,-1,-1,0,1,00000000000000000000000000000000,00,0,-1,-1,0,0,0
backpressure,98,1,0,0,0,1,0,1,91,0,1,42,0,1,40,0,0,0,0,-1,0,-1,-1,0,-1,-1,0,-1,-1,-1,0,1,00000000000000000000000000000000,00,0,-1,-1,0,0,0
backpressure,99,1,0,0,0,1,0,1,92,0,1,43,0,1,41,0,0,0,0,-1,0,-1,-1,0,-1,-1,0,-1,-1,-1,0,1,00000000000000000000000000000000,00,0,-1,-1,0,0,0
backpressure,100,1,0,0,0,1,0,1,93,0,1,44,0,1,42,0,0,0,0,-1,0,-1,-1,0,-1,-1,0,-1,-1,-1,0,1,00000000000000000000000000000000,00,0,-1,-1,0,0,0
backpressure,101,1,0,0,0,1,0,1,94,0,1,45,0,1,43,0,0,0,0,-1,0,-1,-1,0,-1,-1,0,-1,-1,-1,0,1,00000000000000000000000000000000,00,0,-1,-1,0,0,0
backpressure,102,1,0,0,0,1,0,1,95,0,1,46,0,1,44,0,0,0,0,-1,0,-1,-1,0,-1,-1,0,-1,-1,-1,1,1,00000000000000000000000000000000,0f,0,0,0,0,0,0
backpressure,103,1,0,0,0,1,0,1,96,0,1,47,0,1,45,0,0,0,0,-1,0,-1,-1,0,-1,-1,0,-1,-1,-1,0,1,00000000000000000000000000000000,00,0,-1,-1,0,0,0
backpressure,104,1,0,0,0,1,0,1,97,0,1,48,0,1,46,0,0,0,0,-1,0,-1,-1,0,-1,-1,0,-1,-1,-1,0,1,00000000000000000000000000000000,00,0,-1,-1,0,0,0
backpressure,105,1,0,0,0,1,0,1,98,0,1,49,0,1,47,0,0,0,0,-1,0,-1,-1,0,-1,-1,0,-1,-1,-1,0,1,00000000000000000000000000000000,00,0,-1,-1,0,0,0
backpressure,106,1,0,0,0,1,0,1,99,0,1,50,0,1,48,0,0,0,0,-1,0,-1,-1,0,-1,-1,0,-1,-1,-1,0,1,00000000000000000000000000000000,00,0,-1,-1,0,0,0
backpressure,107,1,0,0,0,1,0,1,100,0,1,51,0,1,49,0,0,0,0,-1,0,-1,-1,0,-1,-1,0,-1,-1,-1,0,1,00000000000000000000000000000000,00,0,-1,-1,0,0,0
backpressure,108,1,0,0,0,1,0,1,101,0,1,52,0,1,50,0,0,0,0,-1,0,-1,-1,0,-1,-1,0,-1,-1,-1,0,1,00000000000000000000000000000000,00,0,-1,-1,0,0,0
backpressure,109,1,0,0,0,1,0,1,102,0,1,53,0,1,51,0,0,0,0,-1,0,-1,-1,0,-1,-1,0,-1,-1,-1,0,1,00000000000000000000000000000000,00,0,-1,-1,0,0,0
backpressure,110,1,0,0,0,1,0,1,103,0,1,54,0,1,52,0,0,0,0,-1,0,-1,-1,0,-1,-1,0,-1,-1,-1,0,1,00000000000000000000000000000000,00,0,-1,-1,0,0,0
backpressure,111,1,0,0,0,1,0,1,104,0,1,55,0,1,53,0,0,0,0,-1,0,-1,-1,0,-1,-1,0,-1,-1,-1,0,1,00000000000000000000000000000000,00,0,-1,-1,0,0,0
backpressure,112,1,0,0,0,1,0,1,105,0,1,56,0,1,54,0,0,0,0,-1,0,-1,-1,0,-1,-1,0,-1,-1,-1,0,1,00000000000000000000000000000000,00,0,-1,-1,0,0,0
backpressure,113,1,0,0,0,1,0,1,106,0,1,57,0,1,55,0,0,0,0,-1,0,-1,-1,0,-1,-1,0,-1,-1,-1,0,1,00000000000000000000000000000000,00,0,-1,-1,0,0,0
backpressure,114,1,0,0,0,1,0,1,107,0,1,58,0,1,56,0,0,0,0,-1,0,-1,-1,0,-1,-1,0,-1,-1,-1,0,1,00000000000000000000000000000000,00,0,-1,-1,0,0,0
backpressure,115,1,0,0,0,1,0,1,108,0,1,59,0,1,57,0,0,0,0,-1,0,-1,-1,0,-1,-1,0,-1,-1,-1,0,1,00000000000000000000000000000000,00,0,-1,-1,0,0,0
backpressure,116,1,0,0,0,1,0,1,109,0,1,60,0,1,58,0,0,0,0,-1,0,-1,-1,0,-1,-1,0,-1,-1,-1,0,1,00000000000000000000000000000000,00,0,-1,-1,0,0,0
backpressure,117,1,0,0,0,1,0,1,110,0,1,61,0,1,59,0,0,0,0,-1,0,-1,-1,0,-1,-1,0,-1,-1,-1,0,1,00000000000000000000000000000000,00,0,-1,-1,0,0,0
backpressure,118,1,0,0,0,1,0,1,111,0,1,62,0,1,60,0,0,0,0,-1,0,-1,-1,0,-1,-1,0,-1,-1,-1,1,1,00000000000000000000000000000000,0f,0,0,0,0,0,0
backpressure,119,1,0,0,0,1,0,1,112,0,1,63,0,1,61,0,0,0,0,-1,0,-1,-1,0,-1,-1,0,-1,-1,-1,0,1,00000000000000000000000000000000,00,0,-1,-1,0,0,0
backpressure,120,1,0,0,0,1,0,1,113,0,1,64,0,1,62,0,0,0,0,-1,0,-1,-1,0,-1,-1,0,-1,-1,-1,0,1,00000000000000000000000000000000,00,0,-1,-1,0,0,0
backpressure,121,1,0,0,0,1,0,1,114,0,1,65,0,1,63,0,0,0,0,-1,0,-1,-1,0,-1,-1,0,-1,-1,-1,0,1,00000000000000000000000000000000,00,0,-1,-1,0,0,0
backpressure,122,1,0,0,0,1,0,1,115,0,1,66,0,1,64,0,0,0,0,-1,0,-1,-1,0,-1,-1,0,-1,-1,-1,0,1,00000000000000000000000000000000,00,0,-1,-1,0,0,0
backpressure,123,1,0,0,0,1,0,1,116,0,1,67,0,1,65,0,0,0,0,-1,0,-1,-1,0,-1,-1,0,-1,-1,-1,0,1,00000000000000000000000000000000,00,0,-1,-1,0,0,0
backpressure,124,1,0,0,0,1,0,1,117,0,1,68,0,1,66,0,0,0,0,-1,0,-1,-1,0,-1,-1,0,-1,-1,-1,0,1,00000000000000000000000000000000,00,0,-1,-1,0,0,0
backpressure,125,1,0,0,0,1,0,1,118,0,1,69,0,1,67,0,0,0,0,-1,0,-1,-1,0,-1,-1,0,-1,-1,-1,0,1,00000000000000000000000000000000,00,0,-1,-1,0,0,0
backpressure,126,1,0,0,0,1,0,1,119,0,1,70,0,1,68,0,0,0,0,-1,0,-1,-1,0,-1,-1,0,-1,-1,-1,0,1,00000000000000000000000000000000,00,0,-1,-1,0,0,0
backpressure,127,1,0,0,0,1,0,1,120,0,1,71,0,1,69,0,0,0,0,-1,0,-1,-1,0,-1,-1,0,-1,-1,-1,0,1,00000000000000000000000000000000,00,0,-1,-1,0,0,0
backpressure,128,1,0,0,0,1,0,1,121,0,1,72,0,1,70,0,0,0,0,-1,0,-1,-1,0,-1,-1,0,-1,-1,-1,0,1,00000000000000000000000000000000,00,0,-1,-1,0,0,0
backpressure,129,1,0,0,0,1,0,1,122,0,1,73,0,1,71,0,0,0,0,-1,0,-1,-1,0,-1,-1,0,-1,-1,-1,0,1,00000000000000000000000000000000,00,0,-1,-1,0,0,0
backpressure,130,1,0,0,0,1,0,1,123,0,1,74,0,1,72,0,0,0,0,-1,0,-1,-1,0,-1,-1,0,-1,-1,-1,0,1,00000000000000000000000000000000,00,0,-1,-1,0,0,0
backpressure,131,1,0,0,0,1,0,1,124,0,1,75,0,1,73,0,0,0,0,-1,0,-1,-1,0,-1,-1,0,-1,-1,-1,0,1,00000000000000000000000000000000,00,0,-1,-1,0,0,0
backpressure,132,1,0,0,0,1,0,1,125,0,1,76,0,1,74,0,0,0,0,-1,0,-1,-1,0,-1,-1,0,-1,-1,-1,0,1,00000000000000000000000000000000,00,0,-1,-1,0,0,0
backpressure,133,1,0,0,0,1,0,1,126,0,1,77,0,1,75,0,0,0,0,-1,0,-1,-1,0,-1,-1,0,-1,-1,-1,0,1,00000000000000000000000000000000,00,0,-1,-1,0,0,0
backpressure,134,1,0,0,0,1,0,1,127,0,1,78,0,1,76,0,0,0,0,-1,0,-1,-1,0,-1,-1,0,-1,-1,-1,1,1,00000000000000000000000000000000,0f,0,0,0,0,0,0
backpressure,135,1,0,0,0,1,0,1,128,0,1,79,0,1,77,0,0,0,0,-1,0,-1,-1,0,-1,-1,0,-1,-1,-1,0,1,00000000000000000000000000000000,00,0,-1,-1,0,0,0
backpressure,136,1,0,0,0,1,0,1,129,0,1,80,0,1,78,0,0,0,0,-1,0,-1,-1,0,-1,-1,0,-1,-1,-1,0,1,00000000000000000000000000000000,00,0,-1,-1,0,0,0
backpressure,137,1,0,0,0,1,0,1,130,0,1,81,0,1,79,0,0,0,0,-1,0,-1,-1,0,-1,-1,0,-1,-1,-1,0,1,00000000000000000000000000000000,00,0,-1,-1,0,0,0
backpressure,138,1,0,0,0,1,0,1,131,0,1,82,0,1,80,0,0,0,0,-1,0,-1,-1,0,-1,-1,0,-1,-1,-1,0,1,00000000000000000000000000000000,00,0,-1,-1,0,0,0
backpressure,139,1,0,0,0,1,0,1,132,0,1,83,0,1,81,0,0,0,0,-1,0,-1,-1,0,-1,-1,0,-1,-1,-1,0,1,00000000000000000000000000000000,00,0,-1,-1,0,0,0
backpressure,140,1,0,0,0,1,0,1,133,0,1,84,0,1,82,0,0,0,0,-1,0,-1,-1,0,-1,-1,0,-1,-1,-1,0,1,00000000000000000000000000000000,00,0,-1,-1,0,0,0
backpressure,141,1,0,0,0,1,0,1,134,0,1,85,0,1,83,0,0,0,0,-1,0,-1,-1,0,-1,-1,0,-1,-1,-1,0,1,00000000000000000000000000000000,00,0,-1,-1,0,0,0
backpressure,142,1,0,0,0,1,0,1,135,0,1,86,0,1,84,0,0,0,0,-1,0,-1,-1,0,-1,-1,0,-1,-1,-1,0,1,00000000000000000000000000000000,00,0,-1,-1,0,0,0
backpressure,143,1,0,0,0,1,0,1,136,0,1,87,0,1,85,0,0,0,0,-1,0,-1,-1,0,-1,-1,0,-1,-1,-1,0,1,00000000000000000000000000000000,00,0,-1,-1,0,0,0
backpressure,144,1,0,0,0,1,0,1,137,0,1,88,0,1,86,0,0,0,0,-1,0,-1,-1,0,-1,-1,0,-1,-1,-1,0,1,00000000000000000000000000000000,00,0,-1,-1,0,0,0
backpressure,145,1,0,0,0,1,0,1,138,0,1,89,0,1,87,0,0,0,0,-1,0,-1,-1,0,-1,-1,0,-1,-1,-1,0,1,00000000000000000000000000000000,00,0,-1,-1,0,0,0
backpressure,146,1,0,0,0,1,0,1,139,0,1,90,0,1,88,0,0,0,0,-1,0,-1,-1,0,-1,-1,0,-1,-1,-1,0,1,00000000000000000000000000000000,00,0,-1,-1,0,0,0
backpressure,147,1,0,0,0,1,0,1,140,0,1,91,0,1,89,0,0,0,0,-1,0,-1,-1,0,-1,-1,0,-1,-1,-1,0,1,00000000000000000000000000000000,00,0,-1,-1,0,0,0
backpressure,148,1,0,0,0,1,0,1,141,0,1,92,0,1,90,0,0,0,0,-1,0,-1,-1,0,-1,-1,0,-1,-1,-1,0,1,00000000000000000000000000000000,00,0,-1,-1,0,0,0
backpressure,149,1,0,0,0,1,0,1,142,0,1,93,0,1,91,0,0,0,0,-1,0,-1,-1,0,-1,-1,0,-1,-1,-1,0,1,00000000000000000000000000000000,00,0,-1,-1,0,0,0
backpressure,150,1,0,0,0,1,0,1,143,0,1,94,0,1,92,0,0,0,0,-1,0,-1,-1,0,-1,-1,0,-1,-1,-1,1,1,00000000000000000000000000000000,0f,0,0,0,0,0,0
backpressure,151,1,0,0,0,1,0,1,144,0,1,95,0,1,93,0,0,0,0,-1,0,-1,-1,0,-1,-1,0,-1,-1,-1,0,1,00000000000000000000000000000000,00,0,-1,-1,0,0,0
backpressure,152,1,0,0,0,1,0,1,145,0,1,96,0,1,94,0,0,0,0,-1,0,-1,-1,0,-1,-1,0,-1,-1,-1,0,1,00000000000000000000000000000000,00,0,-1,-1,0,0,0
backpressure,153,1,0,0,0,1,0,1,146,0,1,97,0,1,95,0,0,0,0,-1,0,-1,-1,0,-1,-1,0,-1,-1,-1,0,1,00000000000000000000000000000000,00,0,-1,-1,0,0,0
backpressure,154,1,0,0,0,1,0,1,147,0,1,98,0,1,96,0,0,0,0,-1,0,-1,-1,0,-1,-1,0,-1,-1,-1,0,1,00000000000000000000000000000000,00,0,-1,-1,0,0,0
backpressure,155,1,0,0,0,1,0,1,148,0,1,99,0,1,97,0,0,0,0,-1,0,-1,-1,0,-1,-1,0,-1,-1,-1,0,1,00000000000000000000000000000000,00,0,-1,-1,0,0,0
backpressure,156,1,0,0,0,1,0,1,149,0,1,100,0,1,98,0,0,0,0,-1,0,-1,-1,0,-1,-1,0,-1,-1,-1,0,1,00000000000000000000000000000000,00,0,-1,-1,0,0,0
backpressure,157,1,0,0,0,1,0,1,150,0,1,101,0,1,99,0,0,0,0,-1,0,-1,-1,0,-1,-1,0,-1,-1,-1,0,1,00000000000000000000000000000000,00,0,-1,-1,0,0,0
backpressure,158,1,0,0,0,1,0,1,151,0,1,102,0,1,100,0,0,0,0,-1,0,-1,-1,0,-1,-1,0,-1,-1,-1,0,1,00000000000000000000000000000000,00,0,-1,-1,0,0,0
backpressure,159,1,0,0,0,1,0,1,152,0,1,103,0,1,101,0,0,0,0,-1,0,-1,-1,0,-1,-1,0,-1,-1,-1,0,1,00000000000000000000000000000000,00,0,-1,-1,0,0,0
backpressure,160,1,0,0,0,1,0,1,153,0,1,104,0,1,102,0,0,0,0,-1,0,-1,-1,0,-1,-1,0,-1,-1,-1,0,1,00000000000000000000000000000000,00,0,-1,-1,0,0,0
backpressure,161,1,0,0,0,1,0,1,154,0,1,105,0,1,103,0,0,0,0,-1,0,-1,-1,0,-1,-1,0,-1,-1,-1,0,1,00000000000000000000000000000000,00,0,-1,-1,0,0,0
backpressure,162,1,0,0,0,1,0,1,155,0,1,106,0,1,104,0,0,0,0,-1,0,-1,-1,0,-1,-1,0,-1,-1,-1,0,1,00000000000000000000000000000000,00,0,-1,-1,0,0,0
backpressure,163,1,0,0,0,1,0,1,156,0,1,107,0,1,105,0,0,0,0,-1,0,-1,-1,0,-1,-1,0,-1,-1,-1,0,1,00000000000000000000000000000000,00,0,-1,-1,0,0,0
backpressure,164,1,0,0,0,1,0,1,157,0,1,108,0,1,106,0,0,0,0,-1,0,-1,-1,0,-1,-1,0,-1,-1,-1,0,1,00000000000000000000000000000000,00,0,-1,-1,0,0,0
backpressure,165,1,0,0,0,1,0,1,158,0,1,109,0,1,107,0,0,0,0,-1,0,-1,-1,0,-1,-1,0,-1,-1,-1,0,1,00000000000000000000000000000000,00,0,-1,-1,0,0,0
backpressure,166,1,0,0,0,1,0,1,159,0,1,110,0,1,108,0,0,0,0,-1,0,-1,-1,0,-1,-1,0,-1,-1,-1,1,1,00000000000000000000000000000000,0f,0,0,0,0,0,0
backpressure,167,1,0,0,0,1,0,1,160,0,1,111,0,1,109,0,0,0,0,-1,0,-1,-1,0,-1,-1,0,-1,-1,-1,0,1,00000000000000000000000000000000,00,0,-1,-1,0,0,0
backpressure,168,1,0,0,0,1,0,1,161,0,1,112,0,1,110,0,0,0,0,-1,0,-1,-1,0,-1,-1,0,-1,-1,-1,0,1,00000000000000000000000000000000,00,0,-1,-1,0,0,0
backpressure,169,1,0,0,0,1,0,1,162,0,1,113,0,1,111,0,0,0,0,-1,0,-1,-1,0,-1,-1,0,-1,-1,-1,0,1,00000000000000000000000000000000,00,0,-1,-1,0,0,0
backpressure,170,1,0,0,0,1,0,1,163,0,1,114,0,1,112,0,0,0,0,-1,0,-1,-1,0,-1,-1,0,-1,-1,-1,0,1,00000000000000000000000000000000,00,0,-1,-1,0,0,0
backpressure,171,1,0,0,0,1,0,1,164,0,1,115,0,1,113,0,0,0,0,-1,0,-1,-1,0,-1,-1,0,-1,-1,-1,0,1,00000000000000000000000000000000,00,0,-1,-1,0,0,0
backpressure,172,1,0,0,0,1,0,1,165,0,1,116,0,1,114,0,0,0,0,-1,0,-1,-1,0,-1,-1,0,-1,-1,-1,0,1,00000000000000000000000000000000,00,0,-1,-1,0,0,0
backpressure,173,1,0,0,0,1,0,1,166,0,1,117,0,1,115,0,0,0,0,-1,0,-1,-1,0,-1,-1,0,-1,-1,-1,0,1,00000000000000000000000000000000,00,0,-1,-1,0,0,0
backpressure,174,1,0,0,0,1,0,1,167,0,1,118,0,1,116,0,0,0,0,-1,0,-1,-1,0,-1,-1,0,-1,-1,-1,0,1,00000000000000000000000000000000,00,0,-1,-1,0,0,0
backpressure,175,1,0,0,0,1,0,1,168,0,1,119,0,1,117,0,0,0,0,-1,0,-1,-1,0,-1,-1,0,-1,-1,-1,0,1,00000000000000000000000000000000,00,0,-1,-1,0,0,0
backpressure,176,1,0,0,0,1,0,1,169,0,1,120,0,1,118,0,0,0,0,-1,0,-1,-1,0,-1,-1,0,-1,-1,-1,0,1,00000000000000000000000000000000,00,0,-1,-1,0,0,0
backpressure,177,1,0,0,0,1,0,1,170,0,1,121,0,1,119,0,0,0,0,-1,0,-1,-1,0,-1,-1,0,-1,-1,-1,0,1,00000000000000000000000000000000,00,0,-1,-1,0,0,0
backpressure,178,1,0,0,0,1,0,1,171,0,1,122,0,1,120,0,0,0,0,-1,0,-1,-1,0,-1,-1,0,-1,-1,-1,0,1,00000000000000000000000000000000,00,0,-1,-1,0,0,0
backpressure,179,1,0,0,0,1,0,1,172,0,1,123,0,1,121,0,0,0,0,-1,0,-1,-1,0,-1,-1,0,-1,-1,-1,0,1,00000000000000000000000000000000,00,0,-1,-1,0,0,0
backpressure,180,1,0,0,0,1,0,1,173,0,1,124,0,1,122,0,0,0,0,-1,0,-1,-1,0,-1,-1,0,-1,-1,-1,0,1,00000000000000000000000000000000,00,0,-1,-1,0,0,0
backpressure,181,1,0,0,0,1,0,1,174,0,1,125,0,1,123,0,0,0,0,-1,0,-1,-1,0,-1,-1,0,-1,-1,-1,0,1,00000000000000000000000000000000,00,0,-1,-1,0,0,0
backpressure,182,1,0,0,0,1,0,1,175,0,1,126,0,1,124,0,0,0,0,-1,0,-1,-1,0,-1,-1,0,-1,-1,-1,1,1,00000000000000000000000000000000,0f,0,0,0,0,0,0
backpressure,183,1,0,0,0,1,0,1,176,0,1,127,0,1,125,0,0,0,0,-1,0,-1,-1,0,-1,-1,0,-1,-1,-1,0,1,00000000000000000000000000000000,00,0,-1,-1,0,0,0
backpressure,184,1,0,0,0,1,0,1,177,0,1,128,0,1,126,0,0,0,0,-1,0,-1,-1,0,-1,-1,0,-1,-1,-1,0,1,00000000000000000000000000000000,00,0,-1,-1,0,0,0
backpressure,185,1,0,0,0,1,0,1,178,0,1,129,0,1,127,0,0,0,0,-1,0,-1,-1,0,-1,-1,0,-1,-1,-1,0,1,00000000000000000000000000000000,00,0,-1,-1,0,0,0
backpressure,186,1,0,0,0,1,0,1,179,0,1,130,0,1,128,0,0,0,0,-1,0,-1,-1,0,-1,-1,0,-1,-1,-1,0,1,00000000000000000000000000000000,00,0,-1,-1,0,0,0
backpressure,187,1,0,0,0,1,0,1,180,0,1,131,0,1,129,0,0,0,0,-1,0,-1,-1,0,-1,-1,0,-1,-1,-1,0,1,00000000000000000000000000000000,00,0,-1,-1,0,0,0
backpressure,188,1,0,0,0,1,0,1,181,0,1,132,0,1,130,0,0,0,0,-1,0,-1,-1,0,-1,-1,0,-1,-1,-1,0,1,00000000000000000000000000000000,00,0,-1,-1,0,0,0
backpressure,189,1,0,0,0,1,0,1,182,0,1,133,0,1,131,0,0,0,0,-1,0,-1,-1,0,-1,-1,0,-1,-1,-1,0,1,00000000000000000000000000000000,00,0,-1,-1,0,0,0
backpressure,190,1,0,0,0,1,0,1,183,0,1,134,0,1,132,0,0,0,0,-1,0,-1,-1,0,-1,-1,0,-1,-1,-1,0,1,00000000000000000000000000000000,00,0,-1,-1,0,0,0
backpressure,191,1,0,0,0,1,0,1,184,0,1,135,0,1,133,0,0,0,0,-1,0,-1,-1,0,-1,-1,0,-1,-1,-1,0,1,00000000000000000000000000000000,00,0,-1,-1,0,0,0
backpressure,192,1,0,0,0,1,0,1,185,0,1,136,0,1,134,0,0,0,0,-1,0,-1,-1,0,-1,-1,0,-1,-1,-1,0,1,00000000000000000000000000000000,00,0,-1,-1,0,0,0
backpressure,193,1,0,0,0,1,0,1,186,0,1,137,0,1,135,0,0,0,0,-1,0,-1,-1,0,-1,-1,0,-1,-1,-1,0,1,00000000000000000000000000000000,00,0,-1,-1,0,0,0
backpressure,194,1,0,0,0,1,0,1,187,0,1,138,0,1,136,0,0,0,0,-1,0,-1,-1,0,-1,-1,0,-1,-1,-1,0,1,00000000000000000000000000000000,00,0,-1,-1,0,0,0
backpressure,195,1,0,0,0,1,0,1,188,0,1,139,0,1,137,0,0,0,0,-1,0,-1,-1,0,-1,-1,0,-1,-1,-1,0,1,00000000000000000000000000000000,00,0,-1,-1,0,0,0
backpressure,196,1,0,0,0,1,0,1,189,0,1,140,0,1,138,0,0,0,0,-1,0,-1,-1,0,-1,-1,0,-1,-1,-1,0,1,00000000000000000000000000000000,00,0,-1,-1,0,0,0
backpressure,197,1,0,0,0,1,0,1,190,0,1,141,0,1,139,0,0,0,0,-1,0,-1,-1,0,-1,-1,0,-1,-1,-1,0,1,00000000000000000000000000000000,00,0,-1,-1,0,0,0
backpressure,198,1,0,0,0,1,0,1,191,0,1,142,0,1,140,0,0,0,0,-1,0,-1,-1,0,-1,-1,0,-1,-1,-1,1,1,00000000000000000000000000000000,0f,0,0,0,0,0,0
backpressure,199,1,0,0,0,1,0,1,192,0,1,143,0,1,141,0,0,0,0,-1,0,-1,-1,0,-1,-1,0,-1,-1,-1,0,1,00000000000000000000000000000000,00,0,-1,-1,0,0,0
backpressure,200,1,0,0,0,1,0,1,193,0,1,144,0,1,142,0,0,0,0,-1,0,-1,-1,0,-1,-1,0,-1,-1,-1,0,1,00000000000000000000000000000000,00,0,-1,-1,0,0,0
backpressure,201,1,0,0,0,1,0,1,194,0,1,145,0,1,143,0,0,0,0,-1,0,-1,-1,0,-1,-1,0,-1,-1,-1,0,1,00000000000000000000000000000000,00,0,-1,-1,0,0,0
backpressure,202,1,0,0,0,1,0,1,195,0,1,146,0,1,144,0,0,0,0,-1,0,-1,-1,0,-1,-1,0,-1,-1,-1,0,1,00000000000000000000000000000000,00,0,-1,-1,0,0,0
backpressure,203,1,0,0,0,1,0,1,196,0,1,147,0,1,145,0,0,0,0,-1,0,-1,-1,0,-1,-1,0,-1,-1,-1,0,1,00000000000000000000000000000000,00,0,-1,-1,0,0,0
backpressure,204,1,0,0,0,1,0,1,197,0,1,148,0,1,146,0,0,0,0,-1,0,-1,-1,0,-1,-1,0,-1,-1,-1,0,1,00000000000000000000000000000000,00,0,-1,-1,0,0,0
backpressure,205,1,0,0,0,1,0,1,198,0,1,149,0,1,147,0,0,0,0,-1,0,-1,-1,0,-1,-1,0,-1,-1,-1,0,1,00000000000000000000000000000000,00,0,-1,-1,0,0,0
backpressure,206,1,0,0,0,1,0,1,199,0,1,150,0,1,148,0,0,0,0,-1,0,-1,-1,0,-1,-1,0,-1,-1,-1,0,1,00000000000000000000000000000000,00,0,-1,-1,0,0,0
backpressure,207,1,0,0,0,1,0,1,200,0,1,151,0,1,149,0,0,0,0,-1,0,-1,-1,0,-1,-1,0,-1,-1,-1,0,1,00000000000000000000000000000000,00,0,-1,-1,0,0,0
backpressure,208,1,0,0,0,1,0,1,201,0,1,152,0,1,150,0,0,0,0,-1,0,-1,-1,0,-1,-1,0,-1,-1,-1,0,1,00000000000000000000000000000000,00,0,-1,-1,0,0,0
backpressure,209,1,0,0,0,1,0,1,202,0,1,153,0,1,151,0,0,0,0,-1,0,-1,-1,0,-1,-1,0,-1,-1,-1,0,1,00000000000000000000000000000000,00,0,-1,-1,0,0,0
backpressure,210,1,0,0,0,1,0,1,203,0,1,154,0,1,152,0,0,0,0,-1,0,-1,-1,0,-1,-1,0,-1,-1,-1,0,1,00000000000000000000000000000000,00,0,-1,-1,0,0,0
backpressure,211,1,0,0,0,1,0,1,204,0,1,155,0,1,153,0,0,0,0,-1,0,-1,-1,0,-1,-1,0,-1,-1,-1,0,1,00000000000000000000000000000000,00,0,-1,-1,0,0,0
backpressure,212,1,0,0,0,1,0,1,205,0,1,156,0,1,154,0,0,0,0,-1,0,-1,-1,0,-1,-1,0,-1,-1,-1,0,1,00000000000000000000000000000000,00,0,-1,-1,0,0,0
backpressure,213,1,0,0,0,1,0,1,206,0,1,157,0,1,155,0,0,0,0,-1,0,-1,-1,0,-1,-1,0,-1,-1,-1,0,1,00000000000000000000000000000000,00,0,-1,-1,0,0,0
backpressure,214,1,0,0,0,1,0,1,207,0,1,158,0,1,156,0,0,0,0,-1,0,-1,-1,0,-1,-1,0,-1,-1,-1,1,1,00000000000000000000000000000000,0f,0,0,0,0,0,0
backpressure,215,1,0,0,0,1,0,1,208,0,1,159,0,1,157,0,0,0,0,-1,0,-1,-1,0,-1,-1,0,-1,-1,-1,0,1,00000000000000000000000000000000,00,0,-1,-1,0,0,0
backpressure,216,1,0,0,0,1,0,1,209,0,1,160,0,1,158,0,0,0,0,-1,0,-1,-1,0,-1,-1,0,-1,-1,-1,0,1,00000000000000000000000000000000,00,0,-1,-1,0,0,0
backpressure,217,1,0,0,0,1,0,1,210,0,1,161,0,1,159,0,0,0,0,-1,0,-1,-1,0,-1,-1,0,-1,-1,-1,0,1,00000000000000000000000000000000,00,0,-1,-1,0,0,0
backpressure,218,1,0,0,0,1,0,1,211,0,1,162,0,1,160,0,0,0,0,-1,0,-1,-1,0,-1,-1,0,-1,-1,-1,0,1,00000000000000000000000000000000,00,0,-1,-1,0,0,0
backpressure,219,1,0,0,0,1,0,1,212,0,1,163,0,1,161,0,0,0,0,-1,0,-1,-1,0,-1,-1,0,-1,-1,-1,0,1,00000000000000000000000000000000,00,0,-1,-1,0,0,0
backpressure,220,1,0,0,0,1,0,1,213,0,1,164,0,1,162,0,0,0,0,-1,0,-1,-1,0,-1,-1,0,-1,-1,-1,0,1,00000000000000000000000000000000,00,0,-1,-1,0,0,0
backpressure,221,1,0,0,0,1,0,1,214,0,1,165,0,1,163,0,0,0,0,-1,0,-1,-1,0,-1,-1,0,-1,-1,-1,0,1,00000000000000000000000000000000,00,0,-1,-1,0,0,0
backpressure,222,1,0,0,0,1,0,1,215,0,1,166,0,1,164,0,0,0,0,-1,0,-1,-1,0,-1,-1,0,-1,-1,-1,0,1,00000000000000000000000000000000,00,0,-1,-1,0,0,0
backpressure,223,1,0,0,0,1,0,1,216,0,1,167,0,1,165,0,0,0,0,-1,0,-1,-1,0,-1,-1,0,-1,-1,-1,0,1,00000000000000000000000000000000,00,0,-1,-1,0,0,0
backpressure,224,1,0,0,0,1,0,1,217,0,1,168,0,1,166,0,0,0,0,-1,0,-1,-1,0,-1,-1,0,-1,-1,-1,0,1,00000000000000000000000000000000,00,0,-1,-1,0,0,0
backpressure,225,1,0,0,0,1,0,1,218,0,1,169,0,1,167,0,0,0,0,-1,0,-1,-1,0,-1,-1,0,-1,-1,-1,0,1,00000000000000000000000000000000,00,0,-1,-1,0,0,0
backpressure,226,1,0,0,0,1,0,1,219,0,1,170,0,1,168,0,0,0,0,-1,0,-1,-1,0,-1,-1,0,-1,-1,-1,0,1,00000000000000000000000000000000,00,0,-1,-1,0,0,0
backpressure,227,1,0,0,0,1,0,1,220,0,1,171,0,1,169,0,0,0,0,-1,0,-1,-1,0,-1,-1,0,-1,-1,-1,0,1,00000000000000000000000000000000,00,0,-1,-1,0,0,0
backpressure,228,1,0,0,0,1,0,1,221,0,1,172,0,1,170,0,0,0,0,-1,0,-1,-1,0,-1,-1,0,-1,-1,-1,0,1,00000000000000000000000000000000,00,0,-1,-1,0,0,0
backpressure,229,1,0,0,0,1,0,1,222,0,1,173,0,1,171,0,0,0,0,-1,0,-1,-1,0,-1,-1,0,-1,-1,-1,0,1,00000000000000000000000000000000,00,0,-1,-1,0,0,0
backpressure,230,1,0,0,0,1,0,1,223,0,1,174,0,1,172,0,0,0,0,-1,0,-1,-1,0,-1,-1,0,-1,-1,-1,1,1,00000000000000000000000000000000,0f,0,0,0,0,0,0
backpressure,231,1,0,0,0,1,0,1,224,0,1,175,0,1,173,0,0,0,0,-1,0,-1,-1,0,-1,-1,0,-1,-1,-1,0,1,00000000000000000000000000000000,00,0,-1,-1,0,0,0
backpressure,232,1,0,0,0,1,0,1,225,0,1,176,0,1,174,0,0,0,0,-1,0,-1,-1,0,-1,-1,0,-1,-1,-1,0,1,00000000000000000000000000000000,00,0,-1,-1,0,0,0
backpressure,233,1,0,0,0,1,0,1,226,0,1,177,0,1,175,0,0,0,0,-1,0,-1,-1,0,-1,-1,0,-1,-1,-1,0,1,00000000000000000000000000000000,00,0,-1,-1,0,0,0
backpressure,234,1,0,0,0,1,0,1,227,0,1,178,0,1,176,0,0,0,0,-1,0,-1,-1,0,-1,-1,0,-1,-1,-1,0,1,00000000000000000000000000000000,00,0,-1,-1,0,0,0
backpressure,235,1,0,0,0,1,0,1,228,0,1,179,0,1,177,0,0,0,0,-1,0,-1,-1,0,-1,-1,0,-1,-1,-1,0,1,00000000000000000000000000000000,00,0,-1,-1,0,0,0
backpressure,236,1,0,0,0,1,0,1,229,0,1,180,0,1,178,0,0,0,0,-1,0,-1,-1,0,-1,-1,0,-1,-1,-1,0,1,00000000000000000000000000000000,00,0,-1,-1,0,0,0
backpressure,237,1,0,0,0,1,0,1,230,0,1,181,0,1,179,0,0,0,0,-1,0,-1,-1,0,-1,-1,0,-1,-1,-1,0,1,00000000000000000000000000000000,00,0,-1,-1,0,0,0
backpressure,238,1,0,0,0,1,0,1,231,0,1,182,0,1,180,0,0,0,0,-1,0,-1,-1,0,-1,-1,0,-1,-1,-1,0,1,00000000000000000000000000000000,00,0,-1,-1,0,0,0
backpressure,239,1,0,0,0,1,0,1,232,0,1,183,0,1,181,0,0,0,0,-1,0,-1,-1,0,-1,-1,0,-1,-1,-1,0,1,00000000000000000000000000000000,00,0,-1,-1,0,0,0
backpressure,240,1,0,0,0,1,0,1,233,0,1,184,0,1,182,0,0,0,0,-1,0,-1,-1,0,-1,-1,0,-1,-1,-1,0,1,00000000000000000000000000000000,00,0,-1,-1,0,0,0
backpressure,241,1,0,0,0,1,0,1,234,0,1,185,0,1,183,0,0,0,0,-1,0,-1,-1,0,-1,-1,0,-1,-1,-1,0,1,00000000000000000000000000000000,00,0,-1,-1,0,0,0
backpressure,242,1,0,0,0,1,0,1,235,0,1,186,0,1,184,0,0,0,0,-1,0,-1,-1,0,-1,-1,0,-1,-1,-1,0,1,00000000000000000000000000000000,00,0,-1,-1,0,0,0
backpressure,243,1,0,0,0,1,0,1,236,0,1,187,0,1,185,0,0,0,0,-1,0,-1,-1,0,-1,-1,0,-1,-1,-1,0,1,00000000000000000000000000000000,00,0,-1,-1,0,0,0
backpressure,244,1,0,0,0,1,0,1,237,0,1,188,0,1,186,0,0,0,0,-1,0,-1,-1,0,-1,-1,0,-1,-1,-1,0,1,00000000000000000000000000000000,00,0,-1,-1,0,0,0
backpressure,245,1,0,0,0,1,0,1,238,0,1,189,0,1,187,0,0,0,0,-1,0,-1,-1,0,-1,-1,0,-1,-1,-1,0,1,00000000000000000000000000000000,00,0,-1,-1,0,0,0
backpressure,246,1,0,0,0,1,0,1,239,0,1,190,0,1,188,0,0,0,0,-1,0,-1,-1,0,-1,-1,0,-1,-1,-1,1,1,00000000000000000000000000000000,0f,0,0,0,0,0,0
backpressure,247,1,0,0,0,1,0,1,240,0,1,191,0,1,189,0,0,0,0,-1,0,-1,-1,0,-1,-1,0,-1,-1,-1,0,1,00000000000000000000000000000000,00,0,-1,-1,0,0,0
backpressure,248,1,0,0,0,1,0,1,241,0,1,192,0,1,190,0,0,0,0,-1,0,-1,-1,0,-1,-1,0,-1,-1,-1,0,1,00000000000000000000000000000000,00,0,-1,-1,0,0,0
backpressure,249,1,0,0,0,1,0,1,242,0,1,193,0,1,191,0,0,0,0,-1,0,-1,-1,0,-1,-1,0,-1,-1,-1,0,1,00000000000000000000000000000000,00,0,-1,-1,0,0,0
backpressure,250,1,0,0,0,1,0,1,243,0,1,194,0,1,192,0,0,0,0,-1,0,-1,-1,0,-1,-1,0,-1,-1,-1,0,1,00000000000000000000000000000000,00,0,-1,-1,0,0,0
backpressure,251,1,0,0,0,1,0,1,244,0,1,195,0,1,193,0,0,0,0,-1,0,-1,-1,0,-1,-1,0,-1,-1,-1,0,1,00000000000000000000000000000000,00,0,-1,-1,0,0,0
backpressure,252,1,0,0,0,1,0,1,245,0,1,196,0,1,194,0,0,0,0,-1,0,-1,-1,0,-1,-1,0,-1,-1,-1,0,1,00000000000000000000000000000000,00,0,-1,-1,0,0,0
backpressure,253,1,0,0,0,1,0,1,246,0,1,197,0,1,195,0,0,0,0,-1,0,-1,-1,0,-1,-1,0,-1,-1,-1,0,1,00000000000000000000000000000000,00,0,-1,-1,0,0,0
backpressure,254,1,0,0,0,1,0,1,247,0,1,198,0,1,196,0,0,0,0,-1,0,-1,-1,0,-1,-1,0,-1,-1,-1,0,1,00000000000000000000000000000000,00,0,-1,-1,0,0,0
backpressure,255,1,0,0,0,1,0,1,248,0,1,199,0,1,197,0,0,0,0,-1,0,-1,-1,0,-1,-1,0,-1,-1,-1,0,1,00000000000000000000000000000000,00,0,-1,-1,0,0,0
backpressure,256,1,0,0,0,1,0,1,249,0,1,200,0,1,198,0,0,0,0,-1,0,-1,-1,0,-1,-1,0,-1,-1,-1,0,1,00000000000000000000000000000000,00,0,-1,-1,0,0,0
backpressure,257,1,0,0,0,1,0,1,250,0,1,201,0,1,199,0,0,0,0,-1,0,-1,-1,0,-1,-1,0,-1,-1,-1,0,1,00000000000000000000000000000000,00,0,-1,-1,0,0,0
backpressure,258,1,0,0,0,1,0,1,251,0,1,202,0,1,200,0,0,0,0,-1,0,-1,-1,0,-1,-1,0,-1,-1,-1,0,1,00000000000000000000000000000000,00,0,-1,-1,0,0,0
backpressure,259,1,0,0,0,1,0,1,252,0,1,203,0,1,201,0,0,0,0,-1,0,-1,-1,0,-1,-1,0,-1,-1,-1,0,1,00000000000000000000000000000000,00,0,-1,-1,0,0,0
backpressure,260,1,0,0,0,1,0,1,253,0,1,204,0,1,202,0,0,0,0,-1,0,-1,-1,0,-1,-1,0,-1,-1,-1,0,1,00000000000000000000000000000000,00,0,-1,-1,0,0,0
backpressure,261,1,0,0,0,1,0,1,254,0,1,205,0,1,203,0,0,0,0,-1,0,-1,-1,0,-1,-1,0,-1,-1,-1,0,1,00000000000000000000000000000000,00,0,-1,-1,0,0,0
backpressure,262,1,1,1,0,1,0,1,255,0,1,206,0,1,204,0,0,0,0,-1,0,-1,-1,0,-1,-1,0,-1,-1,-1,1,1,00000000000000000000000000000000,0f,0,0,0,0,0,0
backpressure,263,1,1,1,0,1,0,0,-1,-1,1,207,0,1,205,0,0,0,0,-1,1,0,1,0,-1,-1,0,-1,-1,-1,0,1,00000000000000000000000000000000,00,0,-1,-1,0,0,0
backpressure,264,1,1,1,0,1,0,0,-1,-1,1,208,0,1,206,0,0,0,0,-1,1,1,1,0,-1,-1,0,-1,-1,1,0,1,00000000000000000000000000000000,00,0,-1,-1,0,0,0
backpressure,265,1,1,1,0,1,0,0,-1,-1,1,209,0,1,207,0,0,0,0,-1,1,2,1,0,-1,-1,0,-1,-1,1,0,1,00000000000000000000000000000000,00,0,-1,-1,0,0,0
backpressure,266,1,1,1,0,1,0,0,-1,-1,1,210,0,1,208,0,0,0,0,-1,1,3,1,0,-1,-1,0,-1,-1,1,0,1,00000000000000000000000000000000,00,0,-1,-1,0,0,0
backpressure,267,1,1,1,0,1,0,0,-1,-1,1,211,0,1,209,0,0,0,0,-1,1,4,1,0,-1,-1,0,-1,-1,1,0,1,00000000000000000000000000000000,00,0,-1,-1,0,0,0
backpressure,268,1,1,1,0,1,0,0,-1,-1,1,212,0,1,210,0,0,0,0,-1,1,5,1,0,-1,-1,0,-1,-1,1,0,1,00000000000000000000000000000000,00,0,-1,-1,0,0,0
backpressure,269,1,1,1,0,1,0,0,-1,-1,1,213,0,1,211,0,0,0,0,-1,1,6,1,0,-1,-1,0,-1,-1,1,0,1,00000000000000000000000000000000,00,0,-1,-1,0,0,0
backpressure,270,1,1,1,0,1,0,0,-1,-1,1,214,0,1,212,0,0,0,0,-1,1,7,1,0,-1,-1,0,-1,-1,1,0,1,00000000000000000000000000000000,00,0,-1,-1,0,0,0
backpressure,271,1,1,1,0,1,0,0,-1,-1,1,215,0,1,213,0,0,0,0,-1,1,8,1,0,-1,-1,0,-1,-1,1,0,1,00000000000000000000000000000000,00,0,-1,-1,0,0,0
backpressure,272,1,1,1,0,1,0,0,-1,-1,1,216,0,1,214,0,0,0,0,-1,1,9,1,0,-1,-1,0,-1,-1,1,0,1,00000000000000000000000000000000,00,0,-1,-1,0,0,0
backpressure,273,1,1,1,0,1,0,0,-1,-1,1,217,0,1,215,0,0,0,0,-1,1,10,1,0,-1,-1,0,-1,-1,1,0,1,00000000000000000000000000000000,00,0,-1,-1,0,0,0
backpressure,274,1,1,1,0,1,0,0,-1,-1,1,218,0,1,216,0,0,0,0,-1,1,11,1,0,-1,-1,0,-1,-1,1,0,1,00000000000000000000000000000000,00,0,-1,-1,0,0,0
backpressure,275,1,1,1,0,1,0,0,-1,-1,1,219,0,1,217,0,0,0,0,-1,1,12,1,0,-1,-1,0,-1,-1,1,0,1,00000000000000000000000000000000,00,0,-1,-1,0,0,0
backpressure,276,1,1,1,0,1,0,0,-1,-1,1,220,0,1,218,0,0,0,0,-1,1,13,1,0,-1,-1,0,-1,-1,1,0,1,00000000000000000000000000000000,00,0,-1,-1,0,0,0
backpressure,277,1,1,1,0,1,0,0,-1,-1,1,221,0,1,219,0,0,0,0,-1,1,14,1,0,-1,-1,0,-1,-1,1,0,1,00000000000000000000000000000000,00,0,-1,-1,0,0,0
backpressure,278,1,1,1,0,1,0,0,-1,-1,1,222,0,1,220,0,0,0,0,-1,1,15,1,0,-1,-1,0,-1,-1,1,1,1,00000000000000000000000000000000,0f,0,0,0,0,0,0
backpressure,279,1,1,1,0,1,0,0,-1,-1,1,223,0,1,221,0,0,0,0,-1,1,16,1,0,-1,-1,0,-1,-1,1,0,1,00000000000000000000000000000000,00,0,-1,-1,0,0,0
backpressure,280,1,1,1,0,1,0,0,-1,-1,1,224,0,1,222,0,0,0,0,-1,1,17,1,0,-1,-1,0,-1,-1,1,0,1,00000000000000000000000000000000,00,0,-1,-1,0,0,0
backpressure,281,1,1,1,0,1,0,0,-1,-1,1,225,0,1,223,0,0,0,0,-1,1,18,1,0,-1,-1,0,-1,-1,1,0,1,00000000000000000000000000000000,00,0,-1,-1,0,0,0
backpressure,282,1,1,1,0,1,0,0,-1,-1,1,226,0,1,224,0,0,0,0,-1,1,19,1,0,-1,-1,0,-1,-1,1,0,1,00000000000000000000000000000000,00,0,-1,-1,0,0,0
backpressure,283,1,1,1,0,1,0,0,-1,-1,1,227,0,1,225,0,0,0,0,-1,1,20,1,0,-1,-1,0,-1,-1,1,0,1,00000000000000000000000000000000,00,0,-1,-1,0,0,0
backpressure,284,1,1,1,0,1,0,0,-1,-1,1,228,0,1,226,0,0,0,0,-1,1,21,1,0,-1,-1,0,-1,-1,1,0,1,00000000000000000000000000000000,00,0,-1,-1,0,0,0
backpressure,285,1,1,1,0,1,0,0,-1,-1,1,229,0,1,227,0,0,0,0,-1,1,22,1,0,-1,-1,0,-1,-1,1,0,1,00000000000000000000000000000000,00,0,-1,-1,0,0,0
backpressure,286,1,1,1,0,1,0,0,-1,-1,1,230,0,1,228,0,0,0,0,-1,1,23,1,0,-1,-1,0,-1,-1,1,0,1,00000000000000000000000000000000,00,0,-1,-1,0,0,0
backpressure,287,1,1,1,0,1,0,0,-1,-1,1,231,0,1,229,0,0,0,0,-1,1,24,1,0,-1,-1,0,-1,-1,1,0,1,00000000000000000000000000000000,00,0,-1,-1,0,0,0
backpressure,288,1,1,1,0,1,0,0,-1,-1,1,232,0,1,230,0,0,0,0,-1,1,25,1,0,-1,-1,0,-1,-1,1,0,1,00000000000000000000000000000000,00,0,-1,-1,0,0,0
backpressure,289,1,1,1,0,1,0,0,-1,-1,1,233,0,1,231,0,0,0,0,-1,1,26,1,0,-1,-1,0,-1,-1,1,0,1,00000000000000000000000000000000,00,0,-1,-1,0,0,0
backpressure,290,1,1,1,0,1,0,0,-1,-1,1,234,0,1,232,0,0,0,0,-1,1,27,1,0,-1,-1,0,-1,-1,1,0,1,00000000000000000000000000000000,00,0,-1,-1,0,0,0
backpressure,291,1,1,1,0,1,0,0,-1,-1,1,235,0,1,233,0,0,0,0,-1,1,28,1,0,-1,-1,0,-1,-1,1,0,1,00000000000000000000000000000000,00,0,-1,-1,0,0,0
backpressure,292,1,1,1,0,1,0,0,-1,-1,1,236,0,1,234,0,0,0,0,-1,1,29,1,0,-1,-1,0,-1,-1,1,0,1,00000000000000000000000000000000,00,0,-1,-1,0,0,0
backpressure,293,1,1,1,0,1,0,0,-1,-1,1,237,0,1,235,0,0,0,0,-1,1,30,1,0,-1,-1,0,-1,-1,1,0,1,00000000000000000000000000000000,00,0,-1,-1,0,0,0
backpressure,294,1,1,1,0,1,0,0,-1,-1,1,238,0,1,236,0,0,0,0,-1,1,31,1,0,-1,-1,0,-1,-1,1,1,1,00000000000000000000000000000000,0f,0,0,0,0,0,0
backpressure,295,1,1,1,0,1,0,0,-1,-1,1,239,0,1,237,0,0,0,0,-1,1,32,1,0,-1,-1,0,-1,-1,1,0,1,00000000000000000000000000000000,00,0,-1,-1,0,0,0
backpressure,296,1,1,1,0,1,0,0,-1,-1,1,240,0,1,238,0,0,0,0,-1,1,33,1,0,-1,-1,0,-1,-1,1,0,1,00000000000000000000000000000000,00,0,-1,-1,0,0,0
backpressure,297,1,1,1,0,1,0,0,-1,-1,1,241,0,1,239,0,0,0,0,-1,1,34,1,0,-1,-1,0,-1,-1,1,0,1,00000000000000000000000000000000,00,0,-1,-1,0,0,0
backpressure,298,1,1,1,0,1,0,0,-1,-1,1,242,0,1,240,0,0,0,0,-1,1,35,1,0,-1,-1,0,-1,-1,1,0,1,00000000000000000000000000000000,00,0,-1,-1,0,0,0
backpressure,299,1,1,1,0,1,0,0,-1,-1,1,243,0,1,241,0,0,0,0,-1,1,36,1,0,-1,-1,0,-1,-1,1,0,1,00000000000000000000000000000000,00,0,-1,-1,0,0,0
backpressure,300,1,1,1,0,1,0,0,-1,-1,1,244,0,1,242,0,0,0,0,-1,1,37,1,0,-1,-1,0,-1,-1,1,0,1,00000000000000000000000000000000,00,0,-1,-1,0,0,0
backpressure,301,1,1,1,0,1,0,0,-1,-1,1,245,0,1,243,0,0,0,0,-1,1,38,1,0,-1,-1,0,-1,-1,1,0,1,00000000000000000000000000000000,00,0,-1,-1,0,0,0
backpressure,302,1,1,1,0,1,0,0,-1,-1,1,246,0,1,244,0,0,0,0,-1,1,39,1,0,-1,-1,0,-1,-1,1,0,1,00000000000000000000000000000000,00,0,-1,-1,0,0,0
backpressure,303,1,1,1,0,1,0,0,-1,-1,1,247,0,1,245,0,0,1,0,-1,1,40,1,0,-1,-1,0,-1,-1,1,0,1,00000000000000000000000000000000,00,0,-1,-1,0,0,0
backpressure,304,1,1,1,0,1,0,0,-1,-1,1,248,0,1,246,0,0,0,1,2,1,41,1,0,-1,-1,0,-1,-1,1,0,1,00000000000000000000000000000000,00,0,-1,-1,0,0,0
backpressure,305,1,1,1,0,1,0,0,-1,-1,1,249,0,1,247,0,0,0,1,2,1,42,1,0,-1,-1,0,-1,-1,1,0,1,00000000000000000000000000000000,00,0,-1,-1,0,0,0
backpressure,306,1,1,1,0,1,0,0,-1,-1,1,250,0,1,248,0,0,0,1,2,1,43,1,0,-1,-1,0,-1,-1,1,0,1,00000000000000000000000000000000,00,0,-1,-1,0,0,0
backpressure,307,1,1,1,0,1,0,0,-1,-1,1,251,0,1,249,0,0,0,1,2,1,44,1,0,-1,-1,0,-1,-1,1,0,1,00000000000000000000000000000000,00,0,-1,-1,0,0,0
backpressure,308,1,1,1,0,1,0,0,-1,-1,1,252,0,1,250,0,0,0,1,2,1,45,1,0,-1,-1,0,-1,-1,1,0,1,00000000000000000000000000000000,00,0,-1,-1,0,0,0
backpressure,309,1,1,1,0,1,0,0,-1,-1,1,253,0,1,251,0,0,0,1,2,1,46,1,0,-1,-1,0,-1,-1,1,0,1,00000000000000000000000000000000,00,0,-1,-1,0,0,0
backpressure,310,1,1,1,0,1,0,0,-1,-1,1,254,0,1,252,0,0,0,1,2,1,47,1,0,-1,-1,0,-1,-1,1,1,1,00000000000000000000000000000000,0f,0,0,0,0,0,0
backpressure,311,1,1,1,0,1,0,0,-1,-1,1,255,0,1,253,0,0,0,1,2,1,48,1,0,-1,-1,0,-1,-1,1,0,1,00000000000000000000000000000000,00,0,-1,-1,0,0,0
backpressure,312,1,1,1,0,1,0,0,-1,-1,0,-1,-1,1,254,0,0,0,1,2,1,49,1,0,-1,-1,0,-1,-1,1,0,1,00000000000000000000000000000000,00,0,-1,-1,0,0,0
backpressure,313,1,1,1,0,1,0,0,-1,-1,0,-1,-1,1,255,0,0,0,1,2,1,50,1,0,-1,-1,0,-1,-1,1,0,1,00000000000000000000000000000000,00,0,-1,-1,0,0,0
backpressure,314,1,1,1,0,1,0,0,-1,-1,0,-1,-1,0,-1,-1,0,0,1,2,1,51,1,0,-1,-1,0,-1,-1,1,0,1,00000000000000000000000000000000,00,0,-1,-1,0,0,0
backpressure,315,1,1,1,0,1,0,0,-1,-1,0,-1,-1,0,-1,-1,0,0,1,2,1,52,1,0,-1,-1,0,-1,-1,1,0,1,00000000000000000000000000000000,00,0,-1,-1,0,0,0
backpressure,316,1,1,1,0,1,0,0,-1,-1,0,-1,-1,0,-1,-1,0,0,1,2,1,53,1,0,-1,-1,0,-1,-1,1,0,1,00000000000000000000000000000000,00,0,-1,-1,0,0,0
backpressure,317,1,1,1,0,1,0,0,-1,-1,0,-1,-1,0,-1,-1,0,0,1,2,1,54,1,0,-1,-1,0,-1,-1,1,0,1,00000000000000000000000000000000,00,0,-1,-1,0,0,0
backpressure,318,1,1,1,0,1,0,0,-1,-1,0,-1,-1,0,-1,-1,0,0,1,2,1,55,1,0,-1,-1,0,-1,-1,1,0,1,00000000000000000000000000000000,00,0,-1,-1,0,0,0
backpressure,319,1,1,1,0,1,0,0,-1,-1,0,-1,-1,0,-1,-1,0,0,1,2,1,56,1,0,-1,-1,0,-1,-1,1,0,1,00000000000000000000000000000000,00,0,-1,-1,0,0,0
backpressure,320,1,1,1,0,1,0,0,-1,-1,0,-1,-1,0,-1,-1,0,0,1,2,1,57,1,0,-1,-1,0,-1,-1,1,0,1,00000000000000000000000000000000,00,0,-1,-1,0,0,0
backpressure,321,1,1,1,0,1,0,0,-1,-1,0,-1,-1,0,-1,-1,0,0,1,2,1,58,1,0,-1,-1,0,-1,-1,1,0,1,00000000000000000000000000000000,00,0,-1,-1,0,0,0
backpressure,322,1,1,1,0,1,0,0,-1,-1,0,-1,-1,0,-1,-1,0,0,1,2,1,59,1,0,-1,-1,0,-1,-1,1,0,1,00000000000000000000000000000000,00,0,-1,-1,0,0,0
backpressure,323,1,1,1,0,1,0,0,-1,-1,0,-1,-1,0,-1,-1,0,0,1,2,1,60,1,0,-1,-1,0,-1,-1,1,0,1,00000000000000000000000000000000,00,0,-1,-1,0,0,0
backpressure,324,1,1,1,0,1,0,0,-1,-1,0,-1,-1,0,-1,-1,0,0,1,2,1,61,1,0,-1,-1,0,-1,-1,1,0,1,00000000000000000000000000000000,00,0,-1,-1,0,0,0
backpressure,325,1,1,1,0,1,0,0,-1,-1,0,-1,-1,0,-1,-1,0,0,1,2,1,62,1,0,-1,-1,0,-1,-1,1,0,1,00000000000000000000000000000000,00,0,-1,-1,0,0,0
backpressure,326,1,1,1,0,1,0,0,-1,-1,0,-1,-1,0,-1,-1,0,0,1,2,1,63,1,0,-1,-1,0,-1,-1,1,1,1,00000000000000000000000000000000,0f,1,0,0,0,0,0
backpressure,327,1,1,1,0,1,0,0,-1,-1,0,-1,-1,0,-1,-1,0,0,1,2,1,64,1,0,-1,-1,0,-1,-1,1,1,1,00000010004000010001da0140014d52,0f,0,1,1,0,0,0
backpressure,328,1,1,1,0,1,0,0,-1,-1,0,-1,-1,0,-1,-1,0,0,1,2,1,65,1,0,-1,-1,0,-1,-1,1,1,1,000000ea020101010010400140010000,0f,0,1,1,0,0,0
backpressure,329,1,1,1,0,1,0,0,-1,-1,0,-1,-1,0,-1,-1,0,0,1,2,1,66,1,0,-1,-1,0,-1,-1,1,1,1,00000000000000000000000000001000,0f,0,1,1,0,0,0
backpressure,330,1,1,1,0,0,-1,0,-1,-1,0,-1,-1,0,-1,-1,-1,0,1,2,1,67,1,0,-1,-1,0,-1,-1,1,1,1,00000000000000000000000000000000,0f,0,1,1,0,0,0
backpressure,331,1,1,1,0,0,-1,0,-1,-1,0,-1,-1,0,-1,-1,-1,0,1,2,1,68,1,0,-1,-1,0,-1,-1,1,0,1,00000000000000000000000000000000,00,0,-1,-1,0,0,0
backpressure,332,1,1,1,0,0,-1,0,-1,-1,0,-1,-1,0,-1,-1,-1,0,1,2,1,69,1,0,-1,-1,0,-1,-1,1,0,1,00000000000000000000000000000000,00,0,-1,-1,0,0,0
backpressure,333,1,1,1,0,0,-1,0,-1,-1,0,-1,-1,0,-1,-1,-1,0,1,2,1,70,1,1,0,1,0,-1,-1,1,0,1,00000000000000000000000000000000,00,0,-1,-1,0,0,0
backpressure,334,1,1,1,0,0,-1,0,-1,-1,0,-1,-1,0,-1,-1,-1,0,1,2,1,71,1,1,1,1,0,-1,-1,1,0,1,00000000000000000000000000000000,00,0,-1,-1,0,0,0
backpressure,335,1,1,1,0,0,-1,0,-1,-1,0,-1,-1,0,-1,-1,-1,0,1,2,1,72,1,1,2,1,1,0,1,1,0,1,00000000000000000000000000000000,00,0,-1,-1,0,0,0
backpressure,336,1,1,1,0,0,-1,0,-1,-1,0,-1,-1,0,-1,-1,-1,0,1,2,1,73,1,1,3,1,1,1,1,1,0,1,00000000000000000000000000000000,00,0,-1,-1,0,0,0
backpressure,337,1,1,1,0,0,-1,0,-1,-1,0,-1,-1,0,-1,-1,-1,0,1,2,1,74,1,1,4,1,1,2,1,1,0,1,00000000000000000000000000000000,00,0,-1,-1,0,0,0
backpressure,338,1,1,1,0,0,-1,0,-1,-1,0,-1,-1,0,-1,-1,-1,0,1,2,1,75,1,1,5,1,1,3,1,1,0,1,00000000000000000000000000000000,00,0,-1,-1,0,0,0
backpressure,339,1,1,1,0,0,-1,0,-1,-1,0,-1,-1,0,-1,-1,-1,0,1,2,1,76,1,1,6,1,1,4,1,1,0,1,00000000000000000000000000000000,00,0,-1,-1,0,0,0
backpressure,340,1,1,1,0,0,-1,0,-1,-1,0,-1,-1,0,-1,-1,-1,0,1,2,1,77,1,1,7,1,1,5,1,1,0,1,00000000000000000000000000000000,00,0,-1,-1,0,0,0
backpressure,341,1,1,1,0,0,-1,0,-1,-1,0,-1,-1,0,-1,-1,-1,0,1,2,1,78,1,1,8,1,1,6,1,1,0,1,00000000000000000000000000000000,00,0,-1,-1,0,0,0
backpressure,342,1,1,1,0,0,-1,0,-1,-1,0,-1,-1,0,-1,-1,-1,0,1,2,1,79,1,1,9,1,1,7,1,1,0,1,00000000000000000000000000000000,00,0,-1,-1,0,0,0
backpressure,343,1,1,1,0,0,-1,0,-1,-1,0,-1,-1,0,-1,-1,-1,0,1,2,1,80,1,1,10,1,1,8,1,1,0,1,00000000000000000000000000000000,00,0,-1,-1,0,0,0
backpressure,344,1,1,1,0,0,-1,0,-1,-1,0,-1,-1,0,-1,-1,-1,0,1,2,1,81,1,1,11,1,1,9,1,1,0,1,00000000000000000000000000000000,00,0,-1,-1,0,0,0
backpressure,345,1,1,1,0,0,-1,0,-1,-1,0,-1,-1,0,-1,-1,-1,0,1,2,1,82,1,1,12,1,1,10,1,1,0,1,00000000000000000000000000000000,00,0,-1,-1,0,0,0
backpressure,346,1,1,1,0,0,-1,0,-1,-1,0,-1,-1,0,-1,-1,-1,0,1,2,1,83,1,1,13,1,1,11,1,1,0,1,00000000000000000000000000000000,00,0,-1,-1,0,0,0
backpressure,347,1,1,1,0,0,-1,0,-1,-1,0,-1,-1,0,-1,-1,-1,0,1,2,1,84,1,1,14,1,1,12,1,1,0,1,00000000000000000000000000000000,00,0,-1,-1,0,0,0
backpressure,348,1,1,1,0,0,-1,0,-1,-1,0,-1,-1,0,-1,-1,-1,0,1,2,1,85,1,1,15,1,1,13,1,1,0,1,00000000000000000000000000000000,00,0,-1,-1,0,0,0
backpressure,349,1,1,1,0,0,-1,0,-1,-1,0,-1,-1,0,-1,-1,-1,0,1,2,1,86,1,1,16,1,1,14,1,1,0,1,00000000000000000000000000000000,00,0,-1,-1,0,0,0
backpressure,350,1,1,1,0,0,-1,0,-1,-1,0,-1,-1,0,-1,-1,-1,0,1,2,1,87,1,1,17,1,1,15,1,1,0,1,00000000000000000000000000000000,00,0,-1,-1,0,0,0
backpressure,351,1,1,1,0,0,-1,0,-1,-1,0,-1,-1,0,-1,-1,-1,0,1,2,1,88,1,1,18,1,1,16,1,1,1,1,886769370ee11b5c6b8bf194eee2a8bc,0f,0,1,1,0,0,0
backpressure,352,1,1,1,0,0,-1,0,-1,-1,0,-1,-1,0,-1,-1,-1,0,1,2,1,89,1,1,19,1,1,17,1,1,0,1,00000000000000000000000000000000,00,0,-1,-1,0,0,0
backpressure,353,1,1,1,0,0,-1,0,-1,-1,0,-1,-1,0,-1,-1,-1,0,1,2,1,90,1,1,20,1,1,18,1,1,0,1,00000000000000000000000000000000,00,0,-1,-1,0,0,0
backpressure,354,1,1,1,0,0,-1,0,-1,-1,0,-1,-1,0,-1,-1,-1,0,1,2,1,91,1,1,21,1,1,19,1,1,0,1,00000000000000000000000000000000,00,0,-1,-1,0,0,0
backpressure,355,1,1,1,0,0,-1,0,-1,-1,0,-1,-1,0,-1,-1,-1,0,1,2,1,92,1,1,22,1,1,20,1,1,1,1,155fe1665cda0b1c5756e313dec455bb,0f,0,1,1,0,0,0
backpressure,356,1,1,1,0,0,-1,0,-1,-1,0,-1,-1,0,-1,-1,-1,0,1,2,1,93,1,1,23,1,1,21,1,1,0,1,00000000000000000000000000000000,00,0,-1,-1,0,0,0
backpressure,357,1,1,1,0,0,-1,0,-1,-1,0,-1,-1,0,-1,-1,-1,0,1,2,1,94,1,1,24,1,1,22,1,1,0,1,00000000000000000000000000000000,00,0,-1,-1,0,0,0
backpressure,358,1,1,1,0,0,-1,0,-1,-1,0,-1,-1,0,-1,-1,-1,0,1,2,1,95,1,1,25,1,1,23,1,1,0,1,00000000000000000000000000000000,00,0,-1,-1,0,0,0
backpressure,359,1,1,1,0,0,-1,0,-1,-1,0,-1,-1,0,-1,-1,-1,0,1,2,1,96,1,1,26,1,1,24,1,1,1,1,319ed25d1c9557f81616c723bdc3b172,0f,0,1,1,0,0,0
backpressure,360,1,1,1,0,0,-1,0,-1,-1,0,-1,-1,0,-1,-1,-1,0,1,2,1,97,1,1,27,1,1,25,1,1,0,1,00000000000000000000000000000000,00,0,-1,-1,0,0,0
backpressure,361,1,1,1,0,0,-1,0,-1,-1,0,-1,-1,0,-1,-1,-1,0,1,2,1,98,1,1,28,1,1,26,1,1,0,1,00000000000000000000000000000000,00,0,-1,-1,0,0,0
backpressure,362,1,1,1,0,0,-1,0,-1,-1,0,-1,-1,0,-1,-1,-1,0,1,2,1,99,1,1,29,1,1,27,1,1,0,1,00000000000000000000000000000000,00,0,-1,-1,0,0,0
backpressure,363,1,1,1,0,0,-1,0,-1,-1,0,-1,-1,0,-1,-1,-1,0,1,2,1,100,1,1,30,1,1,28,1,1,1,1,6a7cc29bb86a17f12cedc6217c836b6d,0f,0,1,1,0,0,0
backpressure,364,1,1,1,0,0,-1,0,-1,-1,0,-1,-1,0,-1,-1,-1,0,1,2,1,101,1,1,31,1,1,29,1,1,0,1,00000000000000000000000000000000,00,0,-1,-1,0,0,0
backpressure,365,1,1,1,0,0,-1,0,-1,-1,0,-1,-1,0,-1,-1,-1,0,1,2,1,102,1,1,32,1,1,30,1,1,0,1,00000000000000000000000000000000,00,0,-1,-1,0,0,0
backpressure,366,1,1,1,0,0,-1,0,-1,-1,0,-1,-1,0,-1,-1,-1,0,1,2,1,103,1,1,33,1,1,31,1,1,1,1,e278a4773856aee22bdc8c4b7b81e3ca,0f,0,1,1,0,0,0
backpressure,367,1,1,1,0,0,-1,0,-1,-1,0,-1,-1,0,-1,-1,-1,0,1,2,1,104,1,1,34,1,1,32,1,1,0,1,00000000000000000000000000000000,00,0,-1,-1,0,0,0
backpressure,368,1,1,1,0,0,-1,0,-1,-1,0,-1,-1,0,-1,-1,-1,0,1,2,1,105,1,1,35,1,1,33,1,1,0,1,00000000000000000000000000000000,00,0,-1,-1,0,0,0
backpressure,369,1,1,1,0,0,-1,0,-1,-1,0,-1,-1,0,-1,-1,-1,0,1,2,1,106,1,1,36,1,1,34,1,1,0,1,00000000000000000000000000000000,00,0,-1,-1,0,0,0
backpressure,370,1,1,1,0,0,-1,0,-1,-1,0,-1,-1,0,-1,-1,-1,0,1,2,1,107,1,1,37,1,1,35,1,1,1,1,dd38846f70ad2dc653ba8ba3f20adfc2,0f,0,1,1,0,0,0
backpressure,371,1,1,1,0,0,-1,0,-1,-1,0,-1,-1,0,-1,-1,-1,0,1,2,1,108,1,1,38,1,1,36,1,1,0,1,00000000000000000000000000000000,00,0,-1,-1,0,0,0
backpressure,372,1,1,1,0,0,-1,0,-1,-1,0,-1,-1,0,-1,-1,-1,0,1,2,1,109,1,1,39,1,1,37,1,1,0,1,00000000000000000000000000000000,00,0,-1,-1,0,0,0
backpressure,373,1,1,1,0,0,-1,0,-1,-1,0,-1,-1,0,-1,-1,-1,0,1,2,1,110,1,1,40,1,1,38,1,1,0,1,00000000000000000000000000000000,00,0,-1,-1,0,0,0
backpressure,374,1,1,1,0,0,-1,0,-1,-1,0,-1,-1,0,-1,-1,-1,0,1,2,1,111,1,1,41,1,1,39,1,1,1,1,9b71692f705c598d4f781357ed229ea5,0f,0,1,1,0,0,0
backpressure,375,1,1,1,0,0,-1,0,-1,-1,0,-1,-1,0,-1,-1,-1,0,1,2,1,112,1,1,42,1,1,40,1,1,0,1,00000000000000000000000000000000,00,0,-1,-1,0,0,0
backpressure,376,1,1,1,0,0,-1,0,-1,-1,0,-1,-1,0,-1,-1,-1,0,1,2,1,113,1,1,43,1,1,41,1,1,0,1,00000000000000000000000000000000,00,0,-1,-1,0,0,0
backpressure,377,1,1,1,0,0,-1,0,-1,-1,0,-1,-1,0,-1,-1,-1,0,1,2,1,114,1,1,44,1,1,42,1,1,0,1,00000000000000000000000000000000,00,0,-1,-1,0,0,0
backpressure,378,1,1,1,0,0,-1,0,-1,-1,0,-1,-1,0,-1,-1,-1,0,1,2,1,115,1,1,45,1,1,43,1,1,1,1,7771545ee15b581c8ff40ec7ca557c85,0f,0,1,1,0,0,0
backpressure,379,1,1,1,0,0,-1,0,-1,-1,0,-1,-1,0,-1,-1,-1,0,1,2,1,116,1,1,46,1,1,44,1,1,0,1,00000000000000000000000000000000,00,0,-1,-1,0,0,0
backpressure,380,1,1,1,0,0,-1,0,-1,-1,0,-1,-1,0,-1,-1,-1,0,1,2,1,117,1,1,47,1,1,45,1,1,0,1,00000000000000000000000000000000,00,0,-1,-1,0,0,0
backpressure,381,1,1,1,0,0,-1,0,-1,-1,0,-1,-1,0,-1,-1,-1,0,1,2,1,118,1,1,48,1,1,46,1,1,1,1,6fe2aa5dc4b3b41b87f00daeb5c5784a,0f,0,1,1,0,0,0
backpressure,382,1,1,1,0,0,-1,0,-1,-1,0,-1,-1,0,-1,-1,-1,0,1,2,1,119,1,1,49,1,1,47,1,1,0,1,00000000000000000000000000000000,00,0,-1,-1,0,0,0
backpressure,383,1,1,1,0,0,-1,0,-1,-1,0,-1,-1,0,-1,-1,-1,0,1,2,1,120,1,1,50,1,1,48,1,1,0,1,00000000000000000000000000000000,00,0,-1,-1,0,0,0
backpressure,384,1,1,1,0,0,-1,0,-1,-1,0,-1,-1,0,-1,-1,-1,0,1,2,1,121,1,1,51,1,1,49,1,1,0,1,00000000000000000000000000000000,00,0,-1,-1,0,0,0
backpressure,385,1,1,1,0,0,-1,0,-1,-1,0,-1,-1,0,-1,-1,-1,0,1,2,1,122,1,1,52,1,1,50,1,1,1,1,dee158b98aaf70332eed058e2babf109,0f,0,1,1,0,0,0
backpressure,386,1,1,1,0,0,-1,0,-1,-1,0,-1,-1,0,-1,-1,-1,0,1,2,1,123,1,1,53,1,1,51,1,1,0,1,00000000000000000000000000000000,00,0,-1,-1,0,0,0
backpressure,387,1,1,1,0,0,-1,0,-1,-1,0,-1,-1,0,-1,-1,-1,0,1,2,1,124,1,1,54,1,1,52,1,1,0,1,00000000000000000000000000000000,00,0,-1,-1,0,0,0
backpressure,388,1,1,1,0,0,-1,0,-1,-1,0,-1,-1,0,-1,-1,-1,0,1,2,1,125,1,1,55,1,1,53,1,1,0,1,00000000000000000000000000000000,00,0,-1,-1,0,0,0
backpressure,389,1,1,1,0,0,-1,0,-1,-1,0,-1,-1,0,-1,-1,-1,0,1,2,1,126,1,1,56,1,1,54,1,1,1,1,bec1b5b6184fe92e8eca2b7c0b8be391,0f,0,1,1,0,0,0
backpressure,390,1,1,1,0,0,-1,0,-1,-1,0,-1,-1,0,-1,-1,-1,0,1,2,1,127,1,1,57,1,1,55,1,1,0,1,00000000000000000000000000000000,00,0,-1,-1,0,0,0
backpressure,391,1,1,1,0,0,-1,0,-1,-1,0,-1,-1,0,-1,-1,-1,0,1,2,1,128,1,1,58,1,1,56,1,1,0,1,00000000000000000000000000000000,00,0,-1,-1,0,0,0
backpressure,392,1,1,1,0,0,-1,0,-1,-1,0,-1,-1,0,-1,-1,-1,0,1,2,1,129,1,1,59,1,1,57,1,1,0,1,00000000000000000000000000000000,00,0,-1,-1,0,0,0
backpressure,393,1,1,1,0,0,-1,0,-1,-1,0,-1,-1,0,-1,-1,-1,0,1,2,1,130,1,1,60,1,1,58,1,1,1,1,bdc07165353ee14d5cb58b789676e310,0f,0,1,1,0,0,0
backpressure,394,1,1,1,0,0,-1,0,-1,-1,0,-1,-1,0,-1,-1,-1,0,1,2,1,131,1,1,61,1,1,59,1,1,0,1,00000000000000000000000000000000,00,0,-1,-1,0,0,0
backpressure,395,1,1,1,0,0,-1,0,-1,-1,0,-1,-1,0,-1,-1,-1,0,1,2,1,132,1,1,62,1,1,60,1,1,0,1,00000000000000000000000000000000,00,0,-1,-1,0,0,0
backpressure,396,1,1,1,0,0,-1,0,-1,-1,0,-1,-1,0,-1,-1,-1,0,1,2,1,133,1,1,63,1,1,61,1,1,1,1,79856f61713cd23b1c2b57f1156ec6a5,0f,0,1,1,0,0,0
backpressure,397,1,1,1,0,0,-1,0,-1,-1,0,-1,-1,0,-1,-1,-1,0,1,2,1,134,1,1,64,1,1,62,1,1,0,1,00000000000000000000000000000000,00,0,-1,-1,0,0,0
backpressure,398,1,1,1,0,0,-1,0,-1,-1,0,-1,-1,0,-1,-1,-1,0,1,2,1,135,1,1,65,1,1,63,1,1,0,1,00000000000000000000000000000000,00,0,-1,-1,0,0,0
backpressure,399,1,1,1,0,0,-1,0,-1,-1,0,-1,-1,0,-1,-1,-1,0,1,2,1,136,1,1,66,1,1,64,1,1,0,1,00000000000000000000000000000000,00,0,-1,-1,0,0,0
backpressure,400,1,1,1,0,0,-1,0,-1,-1,0,-1,-1,0,-1,-1,-1,0,1,2,1,137,1,1,67,1,1,65,1,1,1,1,7611cfd26e1cc237b8d616e329ddc551,0f,0,1,1,0,0,0
backpressure,401,1,1,1,0,0,-1,0,-1,-1,0,-1,-1,0,-1,-1,-1,0,1,2,1,138,1,1,68,1,1,66,1,1,0,1,00000000000000000000000000000000,00,0,-1,-1,0,0,0
backpressure,402,1,1,1,0,0,-1,0,-1,-1,0,-1,-1,0,-1,-1,-1,0,1,2,1,139,1,1,69,1,1,67,1,1,0,1,00000000000000000000000000000000,00,0,-1,-1,0,0,0
backpressure,403,1,1,1,0,0,-1,0,-1,-1,0,-1,-1,0,-1,-1,-1,0,1,2,1,140,1,1,70,1,1,68,1,1,0,1,00000000000000000000000000000000,00,0,-1,-1,0,0,0
backpressure,404,1,1,1,0,0,-1,0,-1,-1,0,-1,-1,0,-1,-1,-1,0,1,2,1,141,1,1,71,1,1,69,1,1,1,1,e52abec2cdb8b41738aeacc627bc89ab,0f,0,1,1,0,0,0
backpressure,405,1,1,1,0,0,-1,0,-1,-1,0,-1,-1,0,-1,-1,-1,0,1,2,1,142,1,1,72,1,1,70,1,1,0,1,00000000000000000000000000000000,00,0,-1,-1,0,0,0
backpressure,406,1,1,1,0,0,-1,0,-1,-1,0,-1,-1,0,-1,-1,-1,0,1,2,1,143,1,1,73,1,1,71,1,1,0,1,00000000000000000000000000000000,00,0,-1,-1,0,0,0
backpressure,407,1,1,1,0,0,-1,0,-1,-1,0,-1,-1,0,-1,-1,-1,0,1,2,1,144,1,1,74,1,1,72,1,1,0,1,00000000000000000000000000000000,00,0,-1,-1,0,0,0
backpressure,408,1,1,1,0,0,-1,0,-1,-1,0,-1,-1,0,-1,-1,-1,0,1,2,1,145,1,1,75,1,1,73,1,1,1,1,da623ca5bb382aaff02d2c8e477a8763,0f,0,1,1,0,0,0
backpressure,409,1,1,1,0,0,-1,0,-1,-1,0,-1,-1,0,-1,-1,-1,0,1,2,1,146,1,1,76,1,1,74,1,1,0,1,00000000000000000000000000000000,00,0,-1,-1,0,0,0
backpressure,410,1,1,1,0,0,-1,0,-1,-1,0,-1,-1,0,-1,-1,-1,0,1,2,1,147,1,1,77,1,1,75,1,1,0,1,00000000000000000000000000000000,00,0,-1,-1,0,0,0
backpressure,411,1,1,1,0,0,-1,0,-1,-1,0,-1,-1,0,-1,-1,-1,0,1,2,1,148,1,1,78,1,1,76,1,1,0,1,00000000000000000000000000000000,00,0,-1,-1,0,0,0
backpressure,412,1,1,1,0,0,-1,0,-1,-1,0,-1,-1,0,-1,-1,-1,0,1,2,1,149,1,1,79,1,1,77,1,1,1,1,95d5f8843771d52ee259da8d43f806d7,0f,0,1,1,0,0,0
backpressure,413,1,1,1,0,0,-1,0,-1,-1,0,-1,-1,0,-1,-1,-1,0,1,2,1,150,1,1,80,1,1,78,1,1,0,1,00000000000000000000000000000000,00,0,-1,-1,0,0,0
backpressure,414,1,1,1,0,0,-1,0,-1,-1,0,-1,-1,0,-1,-1,-1,0,1,2,1,151,1,1,81,1,1,79,1,1,0,1,00000000000000000000000000000000,00,0,-1,-1,0,0,0
backpressure,415,1,1,1,0,0,-1,0,-1,-1,0,-1,-1,0,-1,-1,-1,0,1,2,1,152,1,1,82,1,1,80,1,1,1,1,85c5f148ef70ac5cc557b81997f602c7,0f,0,1,1,0,0,0
backpressure,416,1,1,1,0,0,-1,0,-1,-1,0,-1,-1,0,-1,-1,-1,0,1,2,1,153,1,1,83,1,1,81,1,1,0,1,00000000000000000000000000000000,00,0,-1,-1,0,0,0
backpressure,417,1,1,1,0,0,-1,0,-1,-1,0,-1,-1,0,-1,-1,-1,0,1,2,1,154,1,1,84,1,1,82,1,1,0,1,00000000000000000000000000000000,00,0,-1,-1,0,0,0
backpressure,418,1,1,1,0,0,-1,0,-1,-1,0,-1,-1,0,-1,-1,-1,0,1,2,1,155,1,1,85,1,1,83,1,1,0,1,00000000000000000000000000000000,00,0,-1,-1,0,0,0
backpressure,419,1,1,1,0,0,-1,0,-1,-1,0,-1,-1,0,-1,-1,-1,0,1,2,1,156,1,1,86,1,1,84,1,1,1,1,4bbb7108dfe05a5b8ca7741747e515be,0f,0,1,1,0,0,0
backpressure,420,1,1,1,0,0,-1,0,-1,-1,0,-1,-1,0,-1,-1,-1,0,1,2,1,157,1,1,87,1,1,85,1,1,0,1,00000000000000000000000000000000,00,0,-1,-1,0,0,0
backpressure,421,1,1,1,0,0,-1,0,-1,-1,0,-1,-1,0,-1,-1,-1,0,1,2,1,158,1,1,88,1,1,86,1,1,0,1,00000000000000000000000000000000,00,0,-1,-1,0,0,0
backpressure,422,1,1,1,0,0,-1,0,-1,-1,0,-1,-1,0,-1,-1,-1,0,1,2,1,159,1,1,89,1,1,87,1,1,0,1,00000000000000000000000000000000,00,0,-1,-1,0,0,0
backpressure,423,1,1,1,0,0,-1,0,-1,-1,0,-1,-1,0,-1,-1,-1,0,1,2,1,160,1,1,90,1,1,88,1,1,1,1,0a37e3d25ee0b8b21a9ff026aeda453c,0f,0,1,1,0,0,0
backpressure,424,1,1,1,0,0,-1,0,-1,-1,0,-1,-1,0,-1,-1,-1,0,1,2,1,161,1,1,91,1,1,89,1,1,0,1,00000000000000000000000000000000,00,0,-1,-1,0,0,0
backpressure,425,1,1,1,0,0,-1,0,-1,-1,0,-1,-1,0,-1,-1,-1,0,1,2,1,162,1,1,92,1,1,90,1,1,0,1,00000000000000000000000000000000,00,0,-1,-1,0,0,0
backpressure,426,1,1,1,0,0,-1,0,-1,-1,0,-1,-1,0,-1,-1,-1,0,1,2,1,163,1,1,93,1,1,91,1,1,0,1,00000000000000000000000000000000,00,0,-1,-1,0,0,0
backpressure,427,1,1,1,0,0,-1,0,-1,-1,0,-1,-1,0,-1,-1,-1,0,1,2,1,164,1,1,94,1,1,92,1,1,1,1,94eee2a8bcc2b7b0381ee91d8e95abf8,0f,0,1,1,0,0,0
backpressure,428,1,1,1,0,0,-1,0,-1,-1,0,-1,-1,0,-1,-1,-1,0,1,2,1,165,1,1,95,1,1,93,1,1,0,1,00000000000000000000000000000000,00,0,-1,-1,0,0,0
backpressure,429,1,1,1,0,0,-1,0,-1,-1,0,-1,-1,0,-1,-1,-1,0,1,2,1,166,1,1,96,1,1,94,1,1,0,1,00000000000000000000000000000000,00,0,-1,-1,0,0,0
backpressure,430,1,1,1,0,0,-1,0,-1,-1,0,-1,-1,0,-1,-1,-1,0,1,2,1,167,1,1,97,1,1,95,1,1,1,1,13dec455bb886769370ee11b5c6b8bf1,0f,0,1,1,0,0,0
backpressure,431,1,1,1,0,0,-1,0,-1,-1,0,-1,-1,0,-1,-1,-1,0,1,2,1,168,1,1,98,1,1,96,1,1,0,1,00000000000000000000000000000000,00,0,-1,-1,0,0,0
backpressure,432,1,1,1,0,0,-1,0,-1,-1,0,-1,-1,0,-1,-1,-1,0,1,2,1,169,1,1,99,1,1,97,1,1,0,1,00000000000000000000000000000000,00,0,-1,-1,0,0,0
backpressure,433,1,1,1,0,0,-1,0,-1,-1,0,-1,-1,0,-1,-1,-1,0,1,2,1,170,1,1,100,1,1,98,1,1,0,1,00000000000000000000000000000000,00,0,-1,-1,0,0,0
backpressure,434,1,1,1,0,0,-1,0,-1,-1,0,-1,-1,0,-1,-1,-1,0,1,2,1,171,1,1,101,1,1,99,1,1,1,1,23bdc3b172155fe1665cda0b1c5756e3,0f,0,1,1,0,0,0
backpressure,435,1,1,1,0,0,-1,0,-1,-1,0,-1,-1,0,-1,-1,-1,0,1,2,1,172,1,1,102,1,1,100,1,1,0,1,00000000000000000000000000000000,00,0,-1,-1,0,0,0
backpressure,436,1,1,1,0,0,-1,0,-1,-1,0,-1,-1,0,-1,-1,-1,0,1,2,1,173,1,1,103,1,1,101,1,1,0,1,00000000000000000000000000000000,00,0,-1,-1,0,0,0
backpressure,437,1,1,1,0,0,-1,0,-1,-1,0,-1,-1,0,-1,-1,-1,0,1,2,1,174,1,1,104,1,1,102,1,1,0,1,00000000000000000000000000000000,00,0,-1,-1,0,0,0
backpressure,438,1,1,1,0,0,-1,0,-1,-1,0,-1,-1,0,-1,-1,-1,0,1,2,1,175,1,1,105,1,1,103,1,1,1,1,217c836b6d319ed25d1c9557f81616c7,0f,0,1,1,0,0,0
backpressure,439,1,1,1,0,0,-1,0,-1,-1,0,-1,-1,0,-1,-1,-1,0,1,2,1,176,1,1,106,1,1,104,1,1,0,1,00000000000000000000000000000000,00,0,-1,-1,0,0,0
backpressure,440,1,1,1,0,0,-1,0,-1,-1,0,-1,-1,0,-1,-1,-1,0,1,2,1,177,1,1,107,1,1,105,1,1,0,1,00000000000000000000000000000000,00,0,-1,-1,0,0,0
backpressure,441,1,1,1,0,0,-1,0,-1,-1,0,-1,-1,0,-1,-1,-1,0,1,2,1,178,1,1,108,1,1,106,1,1,0,1,00000000000000000000000000000000,00,0,-1,-1,0,0,0
backpressure,442,1,1,1,0,0,-1,0,-1,-1,0,-1,-1,0,-1,-1,-1,0,1,2,1,179,1,1,109,1,1,107,1,1,1,1,4b7b81e3ca6a7cc29bb86a17f12cedc6,0f,0,1,1,0,0,0
backpressure,443,1,1,1,0,0,-1,0,-1,-1,0,-1,-1,0,-1,-1,-1,0,1,2,1,180,1,1,110,1,1,108,1,1,0,1,00000000000000000000000000000000,00,0,-1,-1,0,0,0
backpressure,444,1,1,1,0,0,-1,0,-1,-1,0,-1,-1,0,-1,-1,-1,0,1,2,1,181,1,1,111,1,1,109,1,1,0,1,00000000000000000000000000000000,00,0,-1,-1,0,0,0
backpressure,445,1,1,1,0,0,-1,0,-1,-1,0,-1,-1,0,-1,-1,-1,0,1,2,1,182,1,1,112,1,1,110,1,1,0,1,00000000000000000000000000000000,00,0,-1,-1,0,0,0
backpressure,446,1,1,1,0,0,-1,0,-1,-1,0,-1,-1,0,-1,-1,-1,0,1,2,1,183,1,1,113,1,1,111,1,1,1,1,a3f20adfc2e278a4773856aee22bdc8c,0f,0,1,1,0,0,0
backpressure,447,1,1,1,0,0,-1,0,-1,-1,0,-1,-1,0,-1,-1,-1,0,1,2,1,184,1,1,114,1,1,112,1,1,0,1,00000000000000000000000000000000,00,0,-1,-1,0,0,0
backpressure,448,1,1,1,0,0,-1,0,-1,-1,0,-1,-1,0,-1,-1,-1,0,1,2,1,185,1,1,115,1,1,113,1,1,0,1,00000000000000000000000000000000,00,0,-1,-1,0,0,0
backpressure,449,1,1,1,0,0,-1,0,-1,-1,0,-1,-1,0,-1,-1,-1,0,1,2,1,186,1,1,116,1,1,114,1,1,1,1,57ed229ea5dd38846f70ad2dc653ba8b,0f,0,1,1,0,0,0
backpressure,450,1,1,1,0,0,-1,0,-1,-1,0,-1,-1,0,-1,-1,-1,0,1,2,1,187,1,1,117,1,1,115,1,1,0,1,00000000000000000000000000000000,00,0,-1,-1,0,0,0
backpressure,451,1,1,1,0,0,-1,0,-1,-1,0,-1,-1,0,-1,-1,-1,0,1,2,1,188,1,1,118,1,1,116,1,1,0,1,00000000000000000000000000000000,00,0,-1,-1,0,0,0
backpressure,452,1,1,1,0,0,-1,0,-1,-1,0,-1,-1,0,-1,-1,-1,0,1,2,1,189,1,1,119,1,1,117,1,1,0,1,00000000000000000000000000000000,00,0,-1,-1,0,0,0
backpressure,453,1,1,1,0,0,-1,0,-1,-1,0,-1,-1,0,-1,-1,-1,0,1,2,1,190,1,1,120,1,1,118,1,1,1,1,c7ca557c859b71692f705c598d4f7813,0f,0,1,1,0,0,0
backpressure,454,1,1,1,0,0,-1,0,-1,-1,0,-1,-1,0,-1,-1,-1,0,1,2,1,191,1,1,121,1,1,119,1,1,0,1,00000000000000000000000000000000,00,0,-1,-1,0,0,0
backpressure,455,1,1,1,0,0,-1,0,-1,-1,0,-1,-1,0,-1,-1,-1,0,1,2,1,192,1,1,122,1,1,120,1,1,0,1,00000000000000000000000000000000,00,0,-1,-1,0,0,0
backpressure,456,1,1,1,0,0,-1,0,-1,-1,0,-1,-1,0,-1,-1,-1,0,1,2,1,193,1,1,123,1,1,121,1,1,0,1,00000000000000000000000000000000,00,0,-1,-1,0,0,0
backpressure,457,1,1,1,0,0,-1,0,-1,-1,0,-1,-1,0,-1,-1,-1,0,1,2,1,194,1,1,124,1,1,122,1,1,1,1,aeb5c5784a7771545ee15b581c8ff40e,0f,0,1,1,0,0,0
backpressure,458,1,1,1,0,0,-1,0,-1,-1,0,-1,-1,0,-1,-1,-1,0,1,2,1,195,1,1,125,1,1,123,1,1,0,1,00000000000000000000000000000000,00,0,-1,-1,0,0,0
backpressure,459,1,1,1,0,0,-1,0,-1,-1,0,-1,-1,0,-1,-1,-1,0,1,2,1,196,1,1,126,1,1,124,1,1,0,1,00000000000000000000000000000000,00,0,-1,-1,0,0,0
backpressure,460,1,1,1,0,0,-1,0,-1,-1,0,-1,-1,0,-1,-1,-1,0,1,2,1,197,1,1,127,1,1,125,1,1,0,1,00000000000000000000000000000000,00,0,-1,-1,0,0,0
backpressure,461,1,1,1,0,0,-1,0,-1,-1,0,-1,-1,0,-1,-1,-1,0,1,2,1,198,1,1,128,1,1,126,1,1,1,1,8e2babf1096fe2aa5dc4b3b41b87f00d,0f,0,1,1,0,0,0
backpressure,462,1,1,1,0,0,-1,0,-1,-1,0,-1,-1,0,-1,-1,-1,0,1,2,1,199,1,1,129,1,1,127,1,1,0,1,00000000000000000000000000000000,00,0,-1,-1,0,0,0
backpressure,463,1,1,1,0,0,-1,0,-1,-1,0,-1,-1,0,-1,-1,-1,0,1,2,1,200,1,1,130,1,1,128,1,1,0,1,00000000000000000000000000000000,00,0,-1,-1,0,0,0
backpressure,464,1,1,1,0,0,-1,0,-1,-1,0,-1,-1,0,-1,-1,-1,0,1,2,1,201,1,1,131,1,1,129,1,1,1,1,7c0b8be391dee158b98aaf70332eed05,0f,0,1,1,0,0,0
backpressure,465,1,1,1,0,0,-1,0,-1,-1,0,-1,-1,0,-1,-1,-1,0,1,2,1,202,1,1,132,1,1,130,1,1,0,1,00000000000000000000000000000000,00,0,-1,-1,0,0,0
backpressure,466,1,1,1,0,0,-1,0,-1,-1,0,-1,-1,0,-1,-1,-1,0,1,2,1,203,1,1,133,1,1,131,1,1,0,1,00000000000000000000000000000000,00,0,-1,-1,0,0,0
backpressure,467,1,1,1,0,0,-1,0,-1,-1,0,-1,-1,0,-1,-1,-1,0,1,2,1,204,1,1,134,1,1,132,1,1,0,1,00000000000000000000000000000000,00,0,-1,-1,0,0,0
backpressure,468,1,1,1,0,0,-1,0,-1,-1,0,-1,-1,0,-1,-1,-1,0,1,2,1,205,1,1,135,1,1,133,1,1,1,1,789676e310bec1b5b6184fe92e8eca2b,0f,0,1,1,0,0,0
backpressure,469,1,1,1,0,0,-1,0,-1,-1,0,-1,-1,0,-1,-1,-1,0,1,2,1,206,1,1,136,1,1,134,1,1,0,1,00000000000000000000000000000000,00,0,-1,-1,0,0,0
backpressure,470,1,1,1,0,0,-1,0,-1,-1,0,-1,-1,0,-1,-1,-1,0,1,2,1,207,1,1,137,1,1,135,1,1,0,1,00000000000000000000000000000000,00,0,-1,-1,0,0,0
backpressure,471,1,1,1,0,0,-1,0,-1,-1,0,-1,-1,0,-1,-1,-1,0,1,2,1,208,1,1,138,1,1,136,1,1,0,1,00000000000000000000000000000000,00,0,-1,-1,0,0,0
backpressure,472,1,1,1,0,0,-1,0,-1,-1,0,-1,-1,0,-1,-1,-1,0,1,2,1,209,1,1,139,1,1,137,1,1,1,1,f1156ec6a5bdc07165353ee14d5cb58b,0f,0,1,1,0,0,0
backpressure,473,1,1,1,0,0,-1,0,-1,-1,0,-1,-1,0,-1,-1,-1,0,1,2,1,210,1,1,140,1,1,138,1,1,0,1,00000000000000000000000000000000,00,0,-1,-1,0,0,0
backpressure,474,1,1,1,0,0,-1,0,-1,-1,0,-1,-1,0,-1,-1,-1,0,1,2,1,211,1,1,141,1,1,139,1,1,0,1,00000000000000000000000000000000,00,0,-1,-1,0,0,0
backpressure,475,1,1,1,0,0,-1,0,-1,-1,0,-1,-1,0,-1,-1,-1,0,1,2,1,212,1,1,142,1,1,140,1,1,0,1,00000000000000000000000000000000,00,0,-1,-1,0,0,0
backpressure,476,1,1,1,0,0,-1,0,-1,-1,0,-1,-1,0,-1,-1,-1,0,1,2,1,213,1,1,143,1,1,141,1,1,1,1,e329ddc55179856f61713cd23b1c2b57,0f,0,1,1,0,0,0
backpressure,477,1,1,1,0,0,-1,0,-1,-1,0,-1,-1,0,-1,-1,-1,0,1,2,1,214,1,1,144,1,1,142,1,1,0,1,00000000000000000000000000000000,00,0,-1,-1,0,0,0
backpressure,478,1,1,1,0,0,-1,0,-1,-1,0,-1,-1,0,-1,-1,-1,0,1,2,1,215,1,1,145,1,1,143,1,1,0,1,00000000000000000000000000000000,00,0,-1,-1,0,0,0
backpressure,479,1,1,1,0,0,-1,0,-1,-1,0,-1,-1,0,-1,-1,-1,0,1,2,1,216,1,1,146,1,1,144,1,1,1,1,c627bc89ab7611cfd26e1cc237b8d616,0f,0,1,1,0,0,0
backpressure,480,1,1,1,0,0,-1,0,-1,-1,0,-1,-1,0,-1,-1,-1,0,1,2,1,217,1,1,147,1,1,145,1,1,0,1,00000000000000000000000000000000,00,0,-1,-1,0,0,0
backpressure,481,1,1,1,0,0,-1,0,-1,-1,0,-1,-1,0,-1,-1,-1,0,1,2,1,218,1,1,148,1,1,146,1,1,0,1,00000000000000000000000000000000,00,0,-1,-1,0,0,0
backpressure,482,1,1,1,0,0,-1,0,-1,-1,0,-1,-1,0,-1,-1,-1,0,1,2,1,219,1,1,149,1,1,147,1,1,0,1,00000000000000000000000000000000,00,0,-1,-1,0,0,0
backpressure,483,1,1,1,0,0,-1,0,-1,-1,0,-1,-1,0,-1,-1,-1,0,1,2,1,220,1,1,150,1,1,148,1,1,1,1,8e477a8763e52abec2cdb8b41738aeac,0f,0,1,1,0,0,0
backpressure,484,1,1,1,0,0,-1,0,-1,-1,0,-1,-1,0,-1,-1,-1,0,1,2,1,221,1,1,151,1,1,149,1,1,0,1,00000000000000000000000000000000,00,0,-1,-1,0,0,0
backpressure,485,1,1,1,0,0,-1,0,-1,-1,0,-1,-1,0,-1,-1,-1,0,1,2,1,222,1,1,152,1,1,150,1,1,0,1,00000000000000000000000000000000,00,0,-1,-1,0,0,0
backpressure,486,1,1,1,0,0,-1,0,-1,-1,0,-1,-1,0,-1,-1,-1,0,1,2,1,223,1,1,153,1,1,151,1,1,0,1,00000000000000000000000000000000,00,0,-1,-1,0,0,0
backpressure,487,1,1,1,0,0,-1,0,-1,-1,0,-1,-1,0,-1,-1,-1,0,1,2,1,224,1,1,154,1,1,152,1,1,1,1,8d43f806d7da623ca5bb382aaff02d2c,0f,0,1,1,0,0,0
backpressure,488,1,1,1,0,0,-1,0,-1,-1,0,-1,-1,0,-1,-1,-1,0,1,2,1,225,1,1,155,1,1,153,1,1,0,1,00000000000000000000000000000000,00,0,-1,-1,0,0,0
backpressure,489,1,1,1,0,0,-1,0,-1,-1,0,-1,-1,0,-1,-1,-1,0,1,2,1,226,1,1,156,1,1,154,1,1,0,1,00000000000000000000000000000000,00,0,-1,-1,0,0,0
backpressure,490,1,1,1,0,0,-1,0,-1,-1,0,-1,-1,0,-1,-1,-1,0,1,2,1,227,1,1,157,1,1,155,1,1,0,1,00000000000000000000000000000000,00,0,-1,-1,0,0,0
backpressure,491,1,1,1,0,0,-1,0,-1,-1,0,-1,-1,0,-1,-1,-1,0,1,2,1,228,1,1,158,1,1,156,1,1,1,1,1997f602c795d5f8843771d52ee259da,0f,0,1,1,0,0,0
backpressure,492,1,1,1,0,0,-1,0,-1,-1,0,-1,-1,0,-1,-1,-1,0,1,2,1,229,1,1,159,1,1,157,1,1,0,1,00000000000000000000000000000000,00,0,-1,-1,0,0,0
backpressure,493,1,1,1,0,0,-1,0,-1,-1,0,-1,-1,0,-1,-1,-1,0,1,2,1,230,1,1,160,1,1,158,1,1,0,1,00000000000000000000000000000000,00,0,-1,-1,0,0,0
backpressure,494,1,1,1,0,0,-1,0,-1,-1,0,-1,-1,0,-1,-1,-1,0,1,2,1,231,1,1,161,1,1,159,1,1,0,1,00000000000000000000000000000000,00,0,-1,-1,0,0,0
backpressure,495,1,1,1,0,0,-1,0,-1,-1,0,-1,-1,0,-1,-1,-1,0,1,2,1,232,1,1,162,1,1,160,1,1,1,1,1747e515be85c5f148ef70ac5cc557b8,0f,0,1,1,0,0,0
backpressure,496,1,1,1,0,0,-1,0,-1,-1,0,-1,-1,0,-1,-1,-1,0,1,2,1,233,1,1,163,1,1,161,1,1,0,1,00000000000000000000000000000000,00,0,-1,-1,0,0,0
backpressure,497,1,1,1,0,0,-1,0,-1,-1,0,-1,-1,0,-1,-1,-1,0,1,2,1,234,1,1,164,1,1,162,1,1,0,1,00000000000000000000000000000000,00,0,-1,-1,0,0,0
backpressure,498,1,1,1,0,0,-1,0,-1,-1,0,-1,-1,0,-1,-1,-1,0,1,2,1,235,1,1,165,1,1,163,1,1,1,1,26aeda453c4bbb7108dfe05a5b8ca774,0f,0,1,1,0,0,0
backpressure,499,1,1,1,0,0,-1,0,-1,-1,0,-1,-1,0,-1,-1,-1,0,1,2,1,236,1,1,166,1,1,164,1,1,0,1,00000000000000000000000000000000,00,0,-1,-1,0,0,0
backpressure,500,1,1,1,0,0,-1,0,-1,-1,0,-1,-1,0,-1,-1,-1,0,1,2,1,237,1,1,167,1,1,165,1,1,0,1,00000000000000000000000000000000,00,0,-1,-1,0,0,0
backpressure,501,1,1,1,0,0,-1,0,-1,-1,0,-1,-1,0,-1,-1,-1,0,1,2,1,238,1,1,168,1,1,166,1,1,0,1,00000000000000000000000000000000,00,0,-1,-1,0,0,0
backpressure,502,1,1,1,0,0,-1,0,-1,-1,0,-1,-1,0,-1,-1,-1,0,1,2,1,239,1,1,169,1,1,167,1,1,1,1,1d8e95abf80a37e3d25ee0b8b21a9ff0,0f,0,1,1,0,0,0
backpressure,503,1,1,1,0,0,-1,0,-1,-1,0,-1,-1,0,-1,-1,-1,0,1,2,1,240,1,1,170,1,1,168,1,1,0,1,00000000000000000000000000000000,00,0,-1,-1,0,0,0
backpressure,504,1,1,1,0,0,-1,0,-1,-1,0,-1,-1,0,-1,-1,-1,0,1,2,1,241,1,1,171,1,1,169,1,1,0,1,00000000000000000000000000000000,00,0,-1,-1,0,0,0
backpressure,505,1,1,1,0,0,-1,0,-1,-1,0,-1,-1,0,-1,-1,-1,0,1,2,1,242,1,1,172,1,1,170,1,1,0,1,00000000000000000000000000000000,00,0,-1,-1,0,0,0
backpressure,506,1,1,1,0,0,-1,0,-1,-1,0,-1,-1,0,-1,-1,-1,0,1,2,1,243,1,1,173,1,1,171,1,1,1,1,1b5c6b8bf194eee2a8bcc2b7b0381ee9,0f,0,1,1,0,0,0
backpressure,507,1,1,1,0,0,-1,0,-1,-1,0,-1,-1,0,-1,-1,-1,0,1,2,1,244,1,1,174,1,1,172,1,1,0,1,00000000000000000000000000000000,00,0,-1,-1,0,0,0
backpressure,508,1,1,1,0,0,-1,0,-1,-1,0,-1,-1,0,-1,-1,-1,0,1,2,1,245,1,1,175,1,1,173,1,1,0,1,00000000000000000000000000000000,00,0,-1,-1,0,0,0
backpressure,509,1,1,1,0,0,-1,0,-1,-1,0,-1,-1,0,-1,-1,-1,0,1,2,1,246,1,1,176,1,1,174,1,1,0,1,00000000000000000000000000000000,00,0,-1,-1,0,0,0
backpressure,510,1,1,1,0,0,-1,0,-1,-1,0,-1,-1,0,-1,-1,-1,0,1,2,1,247,1,1,177,1,1,175,1,1,1,1,0b1c5756e313dec455bb886769370ee1,0f,0,1,1,0,0,0
backpressure,511,1,1,1,0,0,-1,0,-1,-1,0,-1,-1,0,-1,-1,-1,0,1,2,1,248,1,1,178,1,1,176,1,1,0,1,00000000000000000000000000000000,00,0,-1,-1,0,0,0
backpressure,512,1,1,1,0,0,-1,0,-1,-1,0,-1,-1,0,-1,-1,-1,0,1,2,1,249,1,1,179,1,1,177,1,1,0,1,00000000000000000000000000000000,00,0,-1,-1,0,0,0
backpressure,513,1,1,1,0,0,-1,0,-1,-1,0,-1,-1,0,-1,-1,-1,0,1,2,1,250,1,1,180,1,1,178,1,1,1,1,57f81616c723bdc3b172155fe1665cda,0f,0,1,1,0,0,0
backpressure,514,1,1,1,0,0,-1,0,-1,-1,0,-1,-1,0,-1,-1,-1,0,1,2,1,251,1,1,181,1,1,179,1,1,0,1,00000000000000000000000000000000,00,0,-1,-1,0,0,0
backpressure,515,1,1,1,0,0,-1,0,-1,-1,0,-1,-1,0,-1,-1,-1,0,1,2,1,252,1,1,182,1,1,180,1,1,0,1,00000000000000000000000000000000,00,0,-1,-1,0,0,0
backpressure,516,1,1,1,0,0,-1,0,-1,-1,0,-1,-1,0,-1,-1,-1,0,1,2,1,253,1,1,183,1,1,181,1,1,0,1,00000000000000000000000000000000,00,0,-1,-1,0,0,0
backpressure,517,1,1,1,0,0,-1,0,-1,-1,0,-1,-1,0,-1,-1,-1,0,1,2,1,254,1,1,184,1,1,182,1,1,1,1,17f12cedc6217c836b6d319ed25d1c95,0f,0,1,1,0,0,0
backpressure,518,0,-1,-1,0,0,-1,0,-1,-1,0,-1,-1,0,-1,-1,-1,0,1,2,1,255,1,1,185,1,1,183,1,1,0,1,00000000000000000000000000000000,00,0,-1,-1,0,0,0
backpressure,519,0,-1,-1,0,0,-1,0,-1,-1,0,-1,-1,0,-1,-1,-1,0,1,2,0,-1,-1,1,186,1,1,184,1,1,0,1,00000000000000000000000000000000,00,0,-1,-1,0,0,0
backpressure,520,0,-1,-1,0,0,-1,0,-1,-1,0,-1,-1,0,-1,-1,-1,0,1,2,0,-1,-1,1,187,1,1,185,1,1,0,1,00000000000000000000000000000000,00,0,-1,-1,0,0,0
backpressure,521,0,-1,-1,0,0,-1,0,-1,-1,0,-1,-1,0,-1,-1,-1,0,1,2,0,-1,-1,1,188,1,1,186,1,1,1,1,aee22bdc8c4b7b81e3ca6a7cc29bb86a,0f,0,1,1,0,0,0
backpressure,522,0,-1,-1,0,0,-1,0,-1,-1,0,-1,-1,0,-1,-1,-1,0,1,2,0,-1,-1,1,189,1,1,187,1,1,0,1,00000000000000000000000000000000,00,0,-1,-1,0,0,0
backpressure,523,0,-1,-1,0,0,-1,0,-1,-1,0,-1,-1,0,-1,-1,-1,0,1,2,0,-1,-1,1,190,1,1,188,1,1,0,1,00000000000000000000000000000000,00,0,-1,-1,0,0,0
backpressure,524,0,-1,-1,0,0,-1,0,-1,-1,0,-1,-1,0,-1,-1,-1,0,1,2,0,-1,-1,1,191,1,1,189,1,1,0,1,00000000000000000000000000000000,00,0,-1,-1,0,0,0
backpressure,525,0,-1,-1,0,0,-1,0,-1,-1,0,-1,-1,0,-1,-1,-1,0,1,2,0,-1,-1,1,192,1,1,190,1,1,1,1,2dc653ba8ba3f20adfc2e278a4773856,0f,0,1,1,0,0,0
backpressure,526,0,-1,-1,0,0,-1,0,-1,-1,0,-1,-1,0,-1,-1,-1,0,1,2,0,-1,-1,1,193,1,1,191,1,1,0,1,00000000000000000000000000000000,00,0,-1,-1,0,0,0
backpressure,527,0,-1,-1,0,0,-1,0,-1,-1,0,-1,-1,0,-1,-1,-1,0,1,2,0,-1,-1,1,194,1,1,192,1,1,0,1,00000000000000000000000000000000,00,0,-1,-1,0,0,0
backpressure,528,0,-1,-1,0,0,-1,0,-1,-1,0,-1,-1,0,-1,-1,-1,0,1,2,0,-1,-1,1,195,1,1,193,1,1,1,1,598d4f781357ed229ea5dd38846f70ad,0f,0,1,1,0,0,0
backpressure,529,0,-1,-1,0,0,-1,0,-1,-1,0,-1,-1,0,-1,-1,-1,0,1,2,0,-1,-1,1,196,1,1,194,1,1,0,1,00000000000000000000000000000000,00,0,-1,-1,0,0,0
backpressure,530,0,-1,-1,0,0,-1,0,-1,-1,0,-1,-1,0,-1,-1,-1,0,1,2,0,-1,-1,1,197,1,1,195,1,1,0,1,00000000000000000000000000000000,00,0,-1,-1,0,0,0
backpressure,531,0,-1,-1,0,0,-1,0,-1,-1,0,-1,-1,0,-1,-1,-1,0,1,2,0,-1,-1,1,198,1,1,196,1,1,0,1,00000000000000000000000000000000,00,0,-1,-1,0,0,0
backpressure,532,0,-1,-1,0,0,-1,0,-1,-1,0,-1,-1,0,-1,-1,-1,0,1,2,0,-1,-1,1,199,1,1,197,1,1,1,1,581c8ff40ec7ca557c859b71692f705c,0f,0,1,1,0,0,0
backpressure,533,0,-1,-1,0,0,-1,0,-1,-1,0,-1,-1,0,-1,-1,-1,0,1,2,0,-1,-1,1,200,1,1,198,1,1,0,1,00000000000000000000000000000000,00,0,-1,-1,0,0,0
backpressure,534,0,-1,-1,0,0,-1,0,-1,-1,0,-1,-1,0,-1,-1,-1,0,1,2,0,-1,-1,1,201,1,1,199,1,1,0,1,00000000000000000000000000000000,00,0,-1,-1,0,0,0
backpressure,535,0,-1,-1,0,0,-1,0,-1,-1,0,-1,-1,0,-1,-1,-1,0,1,2,0,-1,-1,1,202,1,1,200,1,1,0,1,00000000000000000000000000000000,00,0,-1,-1,0,0,0
backpressure,536,0,-1,-1,0,0,-1,0,-1,-1,0,-1,-1,0,-1,-1,-1,0,1,2,0,-1,-1,1,203,1,1,201,1,1,1,1,b41b87f00daeb5c5784a7771545ee15b,0f,0,1,1,0,0,0
backpressure,537,0,-1,-1,0,0,-1,0,-1,-1,0,-1,-1,0,-1,-1,-1,0,1,2,0,-1,-1,1,204,1,1,202,1,1,0,1,00000000000000000000000000000000,00,0,-1,-1,0,0,0
backpressure,538,0,-1,-1,0,0,-1,0,-1,-1,0,-1,-1,0,-1,-1,-1,0,1,2,0,-1,-1,1,205,1,1,203,1,1,0,1,00000000000000000000000000000000,00,0,-1,-1,0,0,0
backpressure,539,0,-1,-1,0,0,-1,0,-1,-1,0,-1,-1,0,-1,-1,-1,0,1,2,0,-1,-1,1,206,1,1,204,1,1,0,1,00000000000000000000000000000000,00,0,-1,-1,0,0,0
backpressure,540,0,-1,-1,0,0,-1,0,-1,-1,0,-1,-1,0,-1,-1,-1,0,1,2,0,-1,-1,1,207,1,1,205,1,1,1,1,70332eed058e2babf1096fe2aa5dc4b3,0f,0,1,1,0,0,0
backpressure,541,0,-1,-1,0,0,-1,0,-1,-1,0,-1,-1,0,-1,-1,-1,0,1,2,0,-1,-1,1,208,1,1,206,1,1,0,1,00000000000000000000000000000000,00,0,-1,-1,0,0,0
backpressure,542,0,-1,-1,0,0,-1,0,-1,-1,0,-1,-1,0,-1,-1,-1,0,1,2,0,-1,-1,1,209,1,1,207,1,1,0,1,00000000000000000000000000000000,00,0,-1,-1,0,0,0
backpressure,543,0,-1,-1,0,0,-1,0,-1,-1,0,-1,-1,0,-1,-1,-1,0,1,2,0,-1,-1,1,210,1,1,208,1,1,0,1,00000000000000000000000000000000,00,0,-1,-1,0,0,0
backpressure,544,0,-1,-1,0,0,-1,0,-1,-1,0,-1,-1,0,-1,-1,-1,0,1,2,0,-1,-1,1,211,1,1,209,1,1,1,1,e92e8eca2b7c0b8be391dee158b98aaf,0f,0,1,1,0,0,0
backpressure,545,0,-1,-1,0,0,-1,0,-1,-1,0,-1,-1,0,-1,-1,-1,0,1,2,0,-1,-1,1,212,1,1,210,1,1,0,1,00000000000000000000000000000000,00,0,-1,-1,0,0,0
backpressure,546,0,-1,-1,0,0,-1,0,-1,-1,0,-1,-1,0,-1,-1,-1,0,1,2,0,-1,-1,1,213,1,1,211,1,1,0,1,00000000000000000000000000000000,00,0,-1,-1,0,0,0
backpressure,547,0,-1,-1,0,0,-1,0,-1,-1,0,-1,-1,0,-1,-1,-1,0,1,2,0,-1,-1,1,214,1,1,212,1,1,1,1,e14d5cb58b789676e310bec1b5b6184f,0f,0,1,1,0,0,0
backpressure,548,0,-1,-1,0,0,-1,0,-1,-1,0,-1,-1,0,-1,-1,-1,0,1,2,0,-1,-1,1,215,1,1,213,1,1,0,1,00000000000000000000000000000000,00,0,-1,-1,0,0,0
backpressure,549,0,-1,-1,0,0,-1,0,-1,-1,0,-1,-1,0,-1,-1,-1,0,1,2,0,-1,-1,1,216,1,1,214,1,1,0,1,00000000000000000000000000000000,00,0,-1,-1,0,0,0
backpressure,550,0,-1,-1,0,0,-1,0,-1,-1,0,-1,-1,0,-1,-1,-1,0,1,2,0,-1,-1,1,217,1,1,215,1,1,0,1,00000000000000000000000000000000,00,0,-1,-1,0,0,0
backpressure,551,0,-1,-1,0,0,-1,0,-1,-1,0,-1,-1,0,-1,-1,-1,0,1,2,0,-1,-1,1,218,1,1,216,1,1,1,1,d23b1c2b57f1156ec6a5bdc07165353e,0f,0,1,1,0,0,0
backpressure,552,0,-1,-1,0,0,-1,0,-1,-1,0,-1,-1,0,-1,-1,-1,0,1,2,0,-1,-1,1,219,1,1,217,1,1,0,1,00000000000000000000000000000000,00,0,-1,-1,0,0,0
backpressure,553,0,-1,-1,0,0,-1,0,-1,-1,0,-1,-1,0,-1,-1,-1,0,1,2,0,-1,-1,1,220,1,1,218,1,1,0,1,00000000000000000000000000000000,00,0,-1,-1,0,0,0
backpressure,554,0,-1,-1,0,0,-1,0,-1,-1,0,-1,-1,0,-1,-1,-1,0,1,2,0,-1,-1,1,221,1,1,219,1,1,0,1,00000000000000000000000000000000,00,0,-1,-1,0,0,0
backpressure,555,0,-1,-1,0,0,-1,0,-1,-1,0,-1,-1,0,-1,-1,-1,0,1,2,0,-1,-1,1,222,1,1,220,1,1,1,1,c237b8d616e329ddc55179856f61713c,0f,0,1,1,0,0,0
backpressure,556,0,-1,-1,0,0,-1,0,-1,-1,0,-1,-1,0,-1,-1,-1,0,1,2,0,-1,-1,1,223,1,1,221,1,1,0,1,00000000000000000000000000000000,00,0,-1,-1,0,0,0
backpressure,557,0,-1,-1,0,0,-1,0,-1,-1,0,-1,-1,0,-1,-1,-1,0,1,2,0,-1,-1,1,224,1,1,222,1,1,0,1,00000000000000000000000000000000,00,0,-1,-1,0,0,0
backpressure,558,0,-1,-1,0,0,-1,0,-1,-1,0,-1,-1,0,-1,-1,-1,0,1,2,0,-1,-1,1,225,1,1,223,1,1,0,1,00000000000000000000000000000000,00,0,-1,-1,0,0,0
backpressure,559,0,-1,-1,0,0,-1,0,-1,-1,0,-1,-1,0,-1,-1,-1,0,1,2,0,-1,-1,1,226,1,1,224,1,1,1,1,b41738aeacc627bc89ab7611cfd26e1c,0f,0,1,1,0,0,0
backpressure,560,0,-1,-1,0,0,-1,0,-1,-1,0,-1,-1,0,-1,-1,-1,0,1,2,0,-1,-1,1,227,1,1,225,1,1,0,1,00000000000000000000000000000000,00,0,-1,-1,0,0,0
backpressure,561,0,-1,-1,0,0,-1,0,-1,-1,0,-1,-1,0,-1,-1,-1,0,1,2,0,-1,-1,1,228,1,1,226,1,1,0,1,00000000000000000000000000000000,00,0,-1,-1,0,0,0
backpressure,562,0,-1,-1,0,0,-1,0,-1,-1,0,-1,-1,0,-1,-1,-1,0,1,2,0,-1,-1,1,229,1,1,227,1,1,1,1,2aaff02d2c8e477a8763e52abec2cdb8,0f,0,1,1,0,0,0
backpressure,563,0,-1,-1,0,0,-1,0,-1,-1,0,-1,-1,0,-1,-1,-1,0,1,2,0,-1,-1,1,230,1,1,228,1,1,0,1,00000000000000000000000000000000,00,0,-1,-1,0,0,0
backpressure,564,0,-1,-1,0,0,-1,0,-1,-1,0,-1,-1,0,-1,-1,-1,0,1,2,0,-1,-1,1,231,1,1,229,1,1,0,1,00000000000000000000000000000000,00,0,-1,-1,0,0,0
backpressure,565,0,-1,-1,0,0,-1,0,-1,-1,0,-1,-1,0,-1,-1,-1,0,1,2,0,-1,-1,1,232,1,1,230,1,1,0,1,00000000000000000000000000000000,00,0,-1,-1,0,0,0
backpressure,566,0,-1,-1,0,0,-1,0,-1,-1,0,-1,-1,0,-1,-1,-1,0,1,2,0,-1,-1,1,233,1,1,231,1,1,1,1,d52ee259da8d43f806d7da623ca5bb38,0f,0,1,1,0,0,0
backpressure,567,0,-1,-1,0,0,-1,0,-1,-1,0,-1,-1,0,-1,-1,-1,0,1,2,0,-1,-1,1,234,1,1,232,1,1,0,1,00000000000000000000000000000000,00,0,-1,-1,0,0,0
backpressure,568,0,-1,-1,0,0,-1,0,-1,-1,0,-1,-1,0,-1,-1,-1,0,1,2,0,-1,-1,1,235,1,1,233,1,1,0,1,00000000000000000000000000000000,00,0,-1,-1,0,0,0
backpressure,569,0,-1,-1,0,0,-1,0,-1,-1,0,-1,-1,0,-1,-1,-1,0,1,2,0,-1,-1,1,236,1,1,234,1,1,0,1,00000000000000000000000000000000,00,0,-1,-1,0,0,0
backpressure,570,0,-1,-1,0,0,-1,0,-1,-1,0,-1,-1,0,-1,-1,-1,0,1,2,0,-1,-1,1,237,1,1,235,1,1,1,1,ac5cc557b81997f602c795d5f8843771,0f,0,1,1,0,0,0
backpressure,571,0,-1,-1,0,0,-1,0,-1,-1,0,-1,-1,0,-1,-1,-1,0,1,2,0,-1,-1,1,238,1,1,236,1,1,0,1,00000000000000000000000000000000,00,0,-1,-1,0,0,0
backpressure,572,0,-1,-1,0,0,-1,0,-1,-1,0,-1,-1,0,-1,-1,-1,0,1,2,0,-1,-1,1,239,1,1,237,1,1,0,1,00000000000000000000000000000000,00,0,-1,-1,0,0,0
backpressure,573,0,-1,-1,0,0,-1,0,-1,-1,0,-1,-1,0,-1,-1,-1,0,1,2,0,-1,-1,1,240,1,1,238,1,1,0,1,00000000000000000000000000000000,00,0,-1,-1,0,0,0
backpressure,574,0,-1,-1,0,0,-1,0,-1,-1,0,-1,-1,0,-1,-1,-1,0,1,2,0,-1,-1,1,241,1,1,239,1,1,1,1,5a5b8ca7741747e515be85c5f148ef70,0f,0,1,1,0,0,0
backpressure,575,0,-1,-1,0,0,-1,0,-1,-1,0,-1,-1,0,-1,-1,-1,0,1,2,0,-1,-1,1,242,1,1,240,1,1,0,1,00000000000000000000000000000000,00,0,-1,-1,0,0,0
backpressure,576,0,-1,-1,0,0,-1,0,-1,-1,0,-1,-1,0,-1,-1,-1,0,1,2,0,-1,-1,1,243,1,1,241,1,1,0,1,00000000000000000000000000000000,00,0,-1,-1,0,0,0
backpressure,577,0,-1,-1,0,0,-1,0,-1,-1,0,-1,-1,0,-1,-1,-1,0,1,2,0,-1,-1,1,244,1,1,242,1,1,1,1,b8b21a9ff026aeda453c4bbb7108dfe0,0f,0,1,1,0,0,0
backpressure,578,0,-1,-1,0,0,-1,0,-1,-1,0,-1,-1,0,-1,-1,-1,0,1,2,0,-1,-1,1,245,1,1,243,1,1,0,1,00000000000000000000000000000000,00,0,-1,-1,0,0,0
backpressure,579,0,-1,-1,0,0,-1,0,-1,-1,0,-1,-1,0,-1,-1,-1,0,1,2,0,-1,-1,1,246,1,1,244,1,1,0,1,00000000000000000000000000000000,00,0,-1,-1,0,0,0
backpressure,580,0,-1,-1,0,0,-1,0,-1,-1,0,-1,-1,0,-1,-1,-1,0,1,2,0,-1,-1,1,247,1,1,245,1,1,0,1,00000000000000000000000000000000,00,0,-1,-1,0,0,0
backpressure,581,0,-1,-1,0,0,-1,0,-1,-1,0,-1,-1,0,-1,-1,-1,0,1,2,0,-1,-1,1,248,1,1,246,1,1,1,1,b7b0381ee91d8e95abf80a37e3d25ee0,0f,0,1,1,0,0,0
backpressure,582,0,-1,-1,0,0,-1,0,-1,-1,0,-1,-1,0,-1,-1,-1,0,1,2,0,-1,-1,1,249,1,1,247,1,1,0,1,00000000000000000000000000000000,00,0,-1,-1,0,0,0
backpressure,583,0,-1,-1,0,0,-1,0,-1,-1,0,-1,-1,0,-1,-1,-1,0,1,2,0,-1,-1,1,250,1,1,248,1,1,0,1,00000000000000000000000000000000,00,0,-1,-1,0,0,0
backpressure,584,0,-1,-1,0,0,-1,0,-1,-1,0,-1,-1,0,-1,-1,-1,0,1,2,0,-1,-1,1,251,1,1,249,1,1,0,1,00000000000000000000000000000000,00,0,-1,-1,0,0,0
backpressure,585,0,-1,-1,0,0,-1,0,-1,-1,0,-1,-1,0,-1,-1,-1,0,1,2,0,-1,-1,1,252,1,1,250,1,1,1,1,6769370ee11b5c6b8bf194eee2a8bcc2,0f,0,1,1,0,0,0
backpressure,586,0,-1,-1,0,0,-1,0,-1,-1,0,-1,-1,0,-1,-1,-1,0,1,2,0,-1,-1,1,253,1,1,251,1,1,0,1,00000000000000000000000000000000,00,0,-1,-1,0,0,0
backpressure,587,0,-1,-1,0,0,-1,0,-1,-1,0,-1,-1,0,-1,-1,-1,0,1,2,0,-1,-1,1,254,1,1,252,1,1,0,1,00000000000000000000000000000000,00,0,-1,-1,0,0,0
backpressure,588,0,-1,-1,0,0,-1,0,-1,-1,0,-1,-1,0,-1,-1,-1,0,1,2,0,-1,-1,1,255,1,1,253,1,1,0,1,00000000000000000000000000000000,00,0,-1,-1,0,0,0
backpressure,589,0,-1,-1,0,0,-1,0,-1,-1,0,-1,-1,0,-1,-1,-1,0,1,2,0,-1,-1,0,-1,-1,1,254,1,1,1,1,5fe1665cda0b1c5756e313dec455bb88,0f,0,1,1,0,0,0
backpressure,590,0,-1,-1,0,0,-1,0,-1,-1,0,-1,-1,0,-1,-1,-1,0,1,2,0,-1,-1,0,-1,-1,1,255,1,1,0,1,00000000000000000000000000000000,00,0,-1,-1,0,0,0
backpressure,591,0,-1,-1,0,0,-1,0,-1,-1,0,-1,-1,0,-1,-1,-1,0,1,2,0,-1,-1,0,-1,-1,0,-1,-1,1,0,1,00000000000000000000000000000000,00,0,-1,-1,0,0,0
backpressure,592,0,-1,-1,0,0,-1,0,-1,-1,0,-1,-1,0,-1,-1,-1,0,1,2,0,-1,-1,0,-1,-1,0,-1,-1,1,0,1,00000000000000000000000000000000,00,0,-1,-1,0,0,0
backpressure,593,0,-1,-1,0,0,-1,0,-1,-1,0,-1,-1,0,-1,-1,-1,0,1,2,0,-1,-1,0,-1,-1,0,-1,-1,1,1,1,9ed25d1c9557f81616c723bdc3b17215,0f,0,1,1,0,0,0
backpressure,594,0,-1,-1,0,0,-1,0,-1,-1,0,-1,-1,0,-1,-1,-1,0,1,2,0,-1,-1,0,-1,-1,0,-1,-1,1,0,1,00000000000000000000000000000000,00,0,-1,-1,0,0,0
backpressure,595,0,-1,-1,0,0,-1,0,-1,-1,0,-1,-1,0,-1,-1,-1,0,1,2,0,-1,-1,0,-1,-1,0,-1,-1,1,0,1,00000000000000000000000000000000,00,0,-1,-1,0,0,0
backpressure,596,0,-1,-1,0,0,-1,0,-1,-1,0,-1,-1,0,-1,-1,-1,0,1,2,0,-1,-1,0,-1,-1,0,-1,-1,1,1,1,7cc29bb86a17f12cedc6217c836b6d31,0f,0,1,1,0,0,0
backpressure,597,0,-1,-1,0,0,-1,0,-1,-1,0,-1,-1,0,-1,-1,-1,0,1,2,0,-1,-1,0,-1,-1,0,-1,-1,1,0,1,00000000000000000000000000000000,00,0,-1,-1,0,0,0
backpressure,598,0,-1,-1,0,0,-1,0,-1,-1,0,-1,-1,0,-1,-1,-1,0,1,2,0,-1,-1,0,-1,-1,0,-1,-1,1,0,1,00000000000000000000000000000000,00,0,-1,-1,0,0,0
backpressure,599,0,-1,-1,0,0,-1,0,-1,-1,0,-1,-1,0,-1,-1,-1,0,1,2,0,-1,-1,0,-1,-1,0,-1,-1,1,0,1,00000000000000000000000000000000,00,0,-1,-1,0,0,0
backpressure,600,0,-1,-1,0,0,-1,0,-1,-1,0,-1,-1,0,-1,-1,-1,0,1,2,0,-1,-1,0,-1,-1,0,-1,-1,1,1,1,78a4773856aee22bdc8c4b7b81e3ca6a,0f,0,1,1,0,0,0
backpressure,601,0,-1,-1,0,0,-1,0,-1,-1,0,-1,-1,0,-1,-1,-1,0,1,2,0,-1,-1,0,-1,-1,0,-1,-1,1,0,1,00000000000000000000000000000000,00,0,-1,-1,0,0,0
backpressure,602,0,-1,-1,0,0,-1,0,-1,-1,0,-1,-1,0,-1,-1,-1,0,1,2,0,-1,-1,0,-1,-1,0,-1,-1,1,0,1,00000000000000000000000000000000,00,0,-1,-1,0,0,0
backpressure,603,0,-1,-1,0,0,-1,0,-1,-1,0,-1,-1,0,-1,-1,-1,0,1,2,0,-1,-1,0,-1,-1,0,-1,-1,1,1,1,00806f70ad2dc653ba8ba3f20adfc2e2,0e,1,1,1,0,0,0
