point_id,hierarchy_id,status,internal_mw,switching_mw,leakage_mw,total_mw,report_quantization_mw
arch315-a0-active,__ROOT__,PASS,435,0.977006,26.3,462,2.100001
arch315-a0-active,g_engine[0].u_engine,PASS,50.9,0.2655,3.63,54.8,0.210001
arch315-a0-active,g_engine[0].u_engine/u_bpack,PASS,7.98,0.054507,0.96,8.99,0.021001
arch315-a0-active,g_engine[0].u_engine/u_bpack/g_bounded_accumulator.u_axis_width_packer,PASS,1.35,0.023474,0.156,1.53,0.021001
arch315-a0-active,g_engine[0].u_engine/u_prefix_k,PASS,4.43,0.151222,0.464,5.04,0.021001
arch315-a0-active,g_engine[0].u_engine/u_way_ring/g_way[0].u_way,PASS,9.26,0.002927,0.522,9.79,0.021001
arch315-a0-active,g_engine[0].u_engine/u_way_ring/g_way[1].u_way,PASS,9.26,0.002901,0.523,9.79,0.021001
arch315-a0-active,g_engine[0].u_engine/u_way_ring/g_way[2].u_way,PASS,9.26,0.00295,0.524,9.79,0.021001
arch315-a0-active,g_engine[0].u_engine/u_way_ring/g_way[3].u_way,PASS,9.26,0.003567,0.522,9.79,0.021001
arch315-a0-active,g_engine[0].u_feeder,PASS,19.3,0.076709,1.09,20.4,0.210001
arch315-a0-active,g_engine[0].u_feeder/u_fifo_mem,PASS,18.2,0.031529,1.02,19.3,0.210001
arch315-a0-active,g_engine[0].u_pktbuf,PASS,148,0.035156,8.36,156,2.010001
arch315-a0-active,g_engine[0].u_pktbuf/u_payload_ram/g_asic_slots.g_slot[0].u_slot_mem,PASS,72.1,0.013344,4.05,76.2,0.210001
arch315-a0-active,g_engine[0].u_pktbuf/u_payload_ram/g_asic_slots.g_slot[1].u_slot_mem,PASS,72.1,0.016883,4.06,76.2,0.210001
arch315-a0-active,g_engine[1].u_engine,PASS,50.6,0.363434,3.63,54.6,0.210001
arch315-a0-active,g_engine[1].u_engine/u_bpack,PASS,7.99,0.057415,0.96,9.01,0.021001
arch315-a0-active,g_engine[1].u_engine/u_bpack/g_bounded_accumulator.u_axis_width_packer,PASS,1.38,0.029032,0.157,1.56,0.021001
arch315-a0-active,g_engine[1].u_engine/u_prefix_k,PASS,4.29,0.196649,0.466,4.95,0.021001
arch315-a0-active,g_engine[1].u_engine/u_way_ring/g_way[0].u_way,PASS,9.21,0.011769,0.522,9.74,0.021001
arch315-a0-active,g_engine[1].u_engine/u_way_ring/g_way[1].u_way,PASS,9.25,0.012277,0.521,9.79,0.021001
arch315-a0-active,g_engine[1].u_engine/u_way_ring/g_way[2].u_way,PASS,9.2,0.014643,0.524,9.74,0.021001
arch315-a0-active,g_engine[1].u_engine/u_way_ring/g_way[3].u_way,PASS,9.26,0.014644,0.523,9.79,0.021001
arch315-a0-active,g_engine[1].u_feeder,PASS,17.6,0.119867,1.11,18.8,0.210001
arch315-a0-active,g_engine[1].u_feeder/u_fifo_mem,PASS,16.7,0.062771,1.04,17.8,0.210001
arch315-a0-active,g_engine[1].u_pktbuf,PASS,148,0.116125,8.36,156,2.010001
arch315-a0-active,g_engine[1].u_pktbuf/u_payload_ram/g_asic_slots.g_slot[0].u_slot_mem,PASS,72.1,0.050906,4.06,76.2,0.210001
arch315-a0-active,g_engine[1].u_pktbuf/u_payload_ram/g_asic_slots.g_slot[1].u_slot_mem,PASS,72.1,0.055055,4.05,76.2,0.210001
arch315-a0-bursty,__ROOT__,PASS,436,0.564522,26.3,463,2.100001
arch315-a0-bursty,g_engine[0].u_engine,PASS,50.8,0.155352,3.63,54.6,0.210001
arch315-a0-bursty,g_engine[0].u_engine/u_bpack,PASS,7.91,0.036403,0.96,8.91,0.021001
arch315-a0-bursty,g_engine[0].u_engine/u_bpack/g_bounded_accumulator.u_axis_width_packer,PASS,1.33,0.010554,0.156,1.5,0.021001
arch315-a0-bursty,g_engine[0].u_engine/u_prefix_k,PASS,4.35,0.080797,0.465,4.9,0.021001
arch315-a0-bursty,g_engine[0].u_engine/u_way_ring/g_way[0].u_way,PASS,9.26,0.001469,0.522,9.78,0.021001
arch315-a0-bursty,g_engine[0].u_engine/u_way_ring/g_way[1].u_way,PASS,9.26,0.00149,0.523,9.78,0.021001
arch315-a0-bursty,g_engine[0].u_engine/u_way_ring/g_way[2].u_way,PASS,9.26,0.001353,0.524,9.78,0.021001
arch315-a0-bursty,g_engine[0].u_engine/u_way_ring/g_way[3].u_way,PASS,9.26,0.00158,0.522,9.78,0.021001
arch315-a0-bursty,g_engine[0].u_feeder,PASS,19.3,0.04983,1.09,20.4,0.210001
arch315-a0-bursty,g_engine[0].u_feeder/u_fifo_mem,PASS,18.2,0.020166,1.02,19.3,0.210001
arch315-a0-bursty,g_engine[0].u_pktbuf,PASS,148,0.027531,8.35,156,2.010001
arch315-a0-bursty,g_engine[0].u_pktbuf/u_payload_ram/g_asic_slots.g_slot[0].u_slot_mem,PASS,72.1,0.010562,4.05,76.2,0.210001
arch315-a0-bursty,g_engine[0].u_pktbuf/u_payload_ram/g_asic_slots.g_slot[1].u_slot_mem,PASS,72.1,0.012883,4.06,76.2,0.210001
arch315-a0-bursty,g_engine[1].u_engine,PASS,50.8,0.189559,3.63,54.6,0.210001
arch315-a0-bursty,g_engine[1].u_engine/u_bpack,PASS,7.89,0.052149,0.961,8.9,0.021001
arch315-a0-bursty,g_engine[1].u_engine/u_bpack/g_bounded_accumulator.u_axis_width_packer,PASS,1.3,0.027604,0.157,1.49,0.021001
arch315-a0-bursty,g_engine[1].u_engine/u_prefix_k,PASS,4.39,0.097759,0.463,4.95,0.021001
arch315-a0-bursty,g_engine[1].u_engine/u_way_ring/g_way[0].u_way,PASS,9.26,0.002055,0.522,9.78,0.021001
arch315-a0-bursty,g_engine[1].u_engine/u_way_ring/g_way[1].u_way,PASS,9.26,0.002387,0.522,9.78,0.021001
arch315-a0-bursty,g_engine[1].u_engine/u_way_ring/g_way[2].u_way,PASS,9.26,0.002292,0.523,9.79,0.021001
arch315-a0-bursty,g_engine[1].u_engine/u_way_ring/g_way[3].u_way,PASS,9.26,0.002214,0.524,9.79,0.021001
arch315-a0-bursty,g_engine[1].u_feeder,PASS,18.9,0.063816,1.09,20,0.210001
arch315-a0-bursty,g_engine[1].u_feeder/u_fifo_mem,PASS,17.9,0.02952,1.03,18.9,0.210001
arch315-a0-bursty,g_engine[1].u_pktbuf,PASS,148,0.08175,8.35,156,2.010001
arch315-a0-bursty,g_engine[1].u_pktbuf/u_payload_ram/g_asic_slots.g_slot[0].u_slot_mem,PASS,72.1,0.03575,4.06,76.2,0.210001
arch315-a0-bursty,g_engine[1].u_pktbuf/u_payload_ram/g_asic_slots.g_slot[1].u_slot_mem,PASS,72.1,0.038758,4.05,76.2,0.210001
arch315-a1-active,__ROOT__,PASS,107,1.45,7.67,117,2.02
arch315-a1-active,g_engine[0].u_engine,PASS,50.9,0.716684,3.65,55.2,0.210001
arch315-a1-active,g_engine[0].u_engine/u_bpack,PASS,7.99,0.060719,0.961,9.01,0.021001
arch315-a1-active,g_engine[0].u_engine/u_bpack/g_bounded_accumulator.u_axis_width_packer,PASS,1.37,0.029137,0.157,1.55,0.021001
arch315-a1-active,g_engine[0].u_engine/u_prefix_k,PASS,5.01,0.243346,0.478,5.73,0.021001
arch315-a1-active,g_engine[0].u_engine/u_way_ring/g_way[0].u_way,PASS,9.1,0.065774,0.523,9.69,0.021001
arch315-a1-active,g_engine[0].u_engine/u_way_ring/g_way[1].u_way,PASS,9.13,0.069046,0.523,9.73,0.021001
arch315-a1-active,g_engine[0].u_engine/u_way_ring/g_way[2].u_way,PASS,9.12,0.07798,0.524,9.73,0.021001
arch315-a1-active,g_engine[0].u_engine/u_way_ring/g_way[3].u_way,PASS,9.17,0.057727,0.521,9.75,0.021001
arch315-a1-active,g_engine[1].u_engine,PASS,51,0.625652,3.64,55.3,0.210001
arch315-a1-active,g_engine[1].u_engine/u_bpack,PASS,7.91,0.068354,0.961,8.94,0.021001
arch315-a1-active,g_engine[1].u_engine/u_bpack/g_bounded_accumulator.u_axis_width_packer,PASS,1.31,0.039606,0.158,1.51,0.021001
arch315-a1-active,g_engine[1].u_engine/u_prefix_k,PASS,5.01,0.227986,0.477,5.71,0.021001
arch315-a1-active,g_engine[1].u_engine/u_way_ring/g_way[0].u_way,PASS,9.21,0.044974,0.521,9.78,0.021001
arch315-a1-active,g_engine[1].u_engine/u_way_ring/g_way[1].u_way,PASS,9.24,0.05106,0.521,9.82,0.021001
arch315-a1-active,g_engine[1].u_engine/u_way_ring/g_way[2].u_way,PASS,9.13,0.05325,0.524,9.71,0.021001
arch315-a1-active,g_engine[1].u_engine/u_way_ring/g_way[3].u_way,PASS,9.2,0.060177,0.523,9.78,0.021001
arch315-a1-active,u_output_fifo,PASS,4.46,0.0924,0.277,4.83,0.021001
arch315-a1-bursty,__ROOT__,PASS,109,0.74423,7.66,117,2.010001
arch315-a1-bursty,g_engine[0].u_engine,PASS,51.7,0.345066,3.64,55.7,0.210001
arch315-a1-bursty,g_engine[0].u_engine/u_bpack,PASS,7.94,0.033728,0.961,8.93,0.021001
arch315-a1-bursty,g_engine[0].u_engine/u_bpack/g_bounded_accumulator.u_axis_width_packer,PASS,1.35,0.009526,0.156,1.51,0.021001
arch315-a1-bursty,g_engine[0].u_engine/u_prefix_k,PASS,5.49,0.122551,0.472,6.09,0.021001
arch315-a1-bursty,g_engine[0].u_engine/u_way_ring/g_way[0].u_way,PASS,9.24,0.025884,0.522,9.79,0.021001
arch315-a1-bursty,g_engine[0].u_engine/u_way_ring/g_way[1].u_way,PASS,9.14,0.026916,0.524,9.69,0.021001
arch315-a1-bursty,g_engine[0].u_engine/u_way_ring/g_way[2].u_way,PASS,9.25,0.029975,0.523,9.8,0.021001
arch315-a1-bursty,g_engine[0].u_engine/u_way_ring/g_way[3].u_way,PASS,9.24,0.022652,0.521,9.79,0.021001
arch315-a1-bursty,g_engine[1].u_engine,PASS,51.8,0.319695,3.64,55.7,0.210001
arch315-a1-bursty,g_engine[1].u_engine/u_bpack,PASS,7.94,0.052203,0.961,8.95,0.021001
arch315-a1-bursty,g_engine[1].u_engine/u_bpack/g_bounded_accumulator.u_axis_width_packer,PASS,1.36,0.027444,0.157,1.54,0.021001
arch315-a1-bursty,g_engine[1].u_engine/u_prefix_k,PASS,5.5,0.105758,0.472,6.08,0.021001
arch315-a1-bursty,g_engine[1].u_engine/u_way_ring/g_way[0].u_way,PASS,9.23,0.019289,0.522,9.77,0.021001
arch315-a1-bursty,g_engine[1].u_engine/u_way_ring/g_way[1].u_way,PASS,9.25,0.021478,0.521,9.8,0.021001
arch315-a1-bursty,g_engine[1].u_engine/u_way_ring/g_way[2].u_way,PASS,9.2,0.022789,0.524,9.74,0.021001
arch315-a1-bursty,g_engine[1].u_engine/u_way_ring/g_way[3].u_way,PASS,9.25,0.02517,0.523,9.8,0.021001
arch315-a1-bursty,u_output_fifo,PASS,4.45,0.065463,0.277,4.79,0.021001
