block_idx,word_idx,num_bytes,tlast
0,0,16,0
0,1,16,0
0,2,16,0
0,3,16,0
0,4,16,0
0,5,16,0
0,6,16,0
0,7,16,0
0,8,16,0
0,9,16,0
0,10,16,0
0,11,16,0
0,12,16,0
0,13,16,0
0,14,16,0
0,15,16,0
0,16,16,0
0,17,16,0
0,18,16,0
0,19,16,0
0,20,16,0
0,21,16,0
0,22,16,0
0,23,16,0
0,24,16,0
0,25,16,0
0,26,16,0
0,27,16,0
0,28,16,0
0,29,16,0
0,30,16,0
0,31,16,0
0,32,16,0
0,33,16,0
0,34,16,0
0,35,16,0
0,36,16,0
0,37,16,0
0,38,16,0
0,39,16,0
0,40,16,0
0,41,16,0
0,42,16,0
0,43,16,0
0,44,16,0
0,45,16,0
0,46,16,0
0,47,16,0
0,48,16,0
0,49,16,0
0,50,16,0
0,51,16,0
0,52,16,0
0,53,16,0
0,54,16,0
0,55,16,0
0,56,16,0
0,57,16,1
